:START_ID,:END_ID,:TYPE,relationType,mechanism,weight,confidence
event/c4ab2a97,event/2059cbad,CAUSES,EMOTIONAL_TRIGGER,The conversation evokes memories of youth.,0.7,0.8
event/8d7ea535,event/f523d462,CAUSES,EMOTIONAL_TRIGGER,Threatening gesture triggered a desire for comfort through eating.,0.7,0.8
event/d7d2f78e,event/fe0bd532,CAUSES,PHYSICAL_DETERIORATION,Both events describe physical injuries to the man.,0.8,0.85
event/16f74a7a,event/20a75a2b,CAUSES,NOSTALGIA_INDUCEMENT,Reflection on loss evokes memories of the churchyard.,0.7,0.8
event/fe683e95,event/57e998b1,CAUSES,PHYSICAL_ACTION,Ravenous eating leads to lip licking as a physical response.,0.8,0.9
event/11ef0d14,event/985248b3,CAUSES,EMOTIONAL_TRIGGER,The cold environment triggers a whimsical desire for transformation.,0.7,0.8
event/a3482c67,event/ca509e3f,CAUSES,EMOTIONAL_TRIGGER,Fear prompts a response to an authoritative command.,0.8,0.9
event/7cf55a7d,event/62f13781,CAUSES,CONFUSES,The identification creates ambiguity in the speaker's consideration.,0.7,0.8
event/fd2ebc18,event/e7591327,CAUSES,VIOLENCE_RESOLUTION,Threat leads to convict's self-comparison to assert dominance.,0.7,0.8
event/32d537c8,event/50c1561b,CAUSES,EMOTIONAL_TRIGGER,Fear triggered a desire for hope regarding health.,0.7,0.8
event/63922cb3,event/fe79e59d,CAUSES,IDENTITY_CONFLICT,Name revelation leads to personal identity reflection.,0.8,0.9
event/0182b047,event/03eec9c7,CAUSES,PHYSICAL_DETERIORATION,Broken shoes likely led to water exposure.,0.7,0.8
event/7b08c830,event/11ef0d14,CAUSES,COMMUNICATION_BARRIER,The boy's response is hindered by his environment.,0.7,0.8
event/a3482c67,event/f74991d5,CAUSES,EMOTIONAL_TRIGGER,Fear prompts a request for guidance.,0.7,0.8
event/fbf09d2f,event/65dc6d26,CAUSES,HUMANITY_QUESTIONING,Explores identity through family name significance.,0.7,0.8
event/eec2e5d3,event/9f12dc51,CAUSES,IMAGINARY_CONSTRUCTION,His wish creates a vivid mental image of his actions.,0.7,0.8
event/e8f4283e,event/654cd373,CAUSES,IMAGINARY_CONSTRUCTION,Narrator's imagination leads to a search for the imagined man.,0.7,0.8
event/5c7f9638,event/99f57b7e,CAUSES,HUMANITY_QUESTIONING,The narrator's perception raises questions about visibility and guidance.,0.7,0.8
event/396700a5,event/11ef0d14,CAUSES,EMOTIONAL_TRIGGER,Reminding evokes feelings related to the environment.,0.7,0.6
event/547f4bfe,event/28788e0d,CAUSES,EMOTIONAL_SUPPORT,"The hug provides comfort, leading to movement towards the wall.",0.8,0.85
event/e9b608ac,event/f1409943,CAUSES,PHYSICAL_ACTION,The man's gaze prompts a physical action of searching pockets.,0.8,0.9
event/195c7687,event/4fca512e,CAUSES,EMOTIONAL_TRIGGER,His action triggered my desire to return home.,0.7,0.8
event/4b48c598,event/75ff4db5,CAUSES,EMOTIONAL_TRIGGER,Absence of parents triggers reflections on their memory.,0.8,0.9
event/d5a38197,event/1cf50896,CAUSES,EMOTIONAL_TRIGGER,The gaze evokes a sense of mortality and urgency.,0.7,0.8
event/7b7cb2ac,event/0d2c6957,CAUSES,CONFUSES,The narrator's perception of the man leads to confusion about his identity.,0.7,0.8
event/1d96d2d4,event/e9724595,CAUSES,PHYSICAL_ACTION,Magwitch's approach leads to physically manipulating Pip's position.,0.8,0.9
event/2f2a83e6,event/aee34694,CAUSES,REQUEST_ACCEPTANCE,The convict's question implies a request for assistance from Philip.,0.7,0.8
event/7cf55a7d,event/f8183ef8,CAUSES,COMMUNICATION_BARRIER,The identification created confusion about the other person's living situation.,0.7,0.8
event/e6b1b5e0,event/bca844ed,CAUSES,EMOTIONAL_TRIGGER,The act of holding the tombstone evokes emotional memories related to Philip Pirrip.,0.7,0.8
event/654cd373,event/abf31038,CAUSES,EMOTIONAL_TRIGGER,Fear of the young man triggered the narrator's urgent escape.,0.8,0.9
event/9279591b,event/5ab2d0f3,CAUSES,EMOTIONAL_TRIGGER,Danger triggered a response leading to the convict's demand.,0.8,0.85
event/32d537c8,event/2adad392,CAUSES,EMOTIONAL_TRIGGER,Fear triggered a response to seek stability.,0.8,0.9
event/7a60a821,event/9ea27bf2,CAUSES,EMOTIONAL_TRIGGER,The man's sudden appearance triggers a strong emotional response.,0.8,0.9
event/e9724595,event/ae0280f5,CAUSES,PHYSICAL_ACTION,Abel's action prompts a question about the file.,0.7,0.8
event/28c930f0,event/5ab2d0f3,CAUSES,PHYSICAL_ACTION,Tilting indicates a physical action leading to the convict's demand.,0.7,0.8
event/d76e4477,event/e7591327,CAUSES,EMOTIONAL_TRIGGER,Fearful terms triggered the convict's self-reflection.,0.7,0.8
event/7a60a821,event/9f1b1071,CAUSES,EMOTIONAL_TRIGGER,The man's sudden appearance triggers fear in the observer.,0.8,0.9
event/50c1561b,event/24336446,CAUSES,EMOTIONAL_TRIGGER,Hope for health triggers desire for social engagement.,0.7,0.8
event/ebd654d6,event/6904fe9d,CAUSES,PHYSICAL_ACTION,The young man's approach triggers a physical response from the speaker.,0.8,0.85
event/0182b047,event/ff5a94f9,CAUSES,PHYSICAL_DETERIORATION,Broken shoes contributed to the man's lameness.,0.8,0.85
event/e88b6e70,event/a781a319,CAUSES,EMOTIONAL_CONFESSION,Mentioning family can evoke emotional responses and prompt actions.,0.7,0.8
event/a4cd9f7a,event/be8de5a4,CAUSES,EMOTIONAL_TRIGGER,Locking the door triggers feelings of comfort and safety.,0.8,0.9
event/c26d3e04,event/8b496ff4,CAUSES,CONFUSES,The cattle's gaze creates uncertainty about their thoughts.,0.7,0.8
event/0304a283,event/61f2df93,CAUSES,CONVENIENCE_PREFERENCE,Seating on a tombstone suggests a preference for comfort in a difficult situation.,0.6,0.7
event/c38f9f16,event/cf127421,CAUSES,PHYSICAL_ACTION,The action of dipping and rolling directly leads to holding.,0.8,0.9
event/cc954075,event/8f6d9f60,CAUSES,IMAGINARY_CONSTRUCTION,"The tombstone's letters inspire a vivid, imaginative portrayal of the father.",0.8,0.85
event/cc954075,event/9968a12a,CAUSES,EMOTIONAL_TRIGGER,The tombstone description evokes memories affecting the narrator's perception of his mother.,0.7,0.8
event/cd39f1b3,event/35d258c4,CAUSES,EMOTIONAL_TRIGGER,The discovery evokes a strong emotional response leading to aggression.,0.7,0.8
event/a9b71859,event/4d06c4f1,CAUSES,VIOLENCE_RESOLUTION,Threats lead to repeated demands for compliance.,0.8,0.9
event/50eaf4f6,event/acf01194,CAUSES,CONTRASTS,The description of marshes contrasts with the sky's appearance.,0.8,0.9
event/d7969d1f,event/2d47db4d,CAUSES,COMMUNICATION_BARRIER,Addressing as 'sir' creates a distance between narrator and convict.,0.7,0.8
event/11bf170c,event/b5f8b2cf,CAUSES,DECISION_MAKING,The man's instruction influenced the decision to point out the village.,0.8,0.9
event/fbf09d2f,event/c70703fd,CAUSES,IDENTITY_CONFLICT,The father's name creates confusion about parental identity.,0.7,0.8
event/ca509e3f,event/11bf170c,CAUSES,DECISION_MAKING,The command influences Philip's subsequent actions.,0.8,0.85
event/e1d06373,event/ed798850,CAUSES,PHYSICAL_ACTION,The glare prompted a physical confrontation with Philip Pirrip.,0.8,0.85
event/11bf170c,event/56d4f5cf,CAUSES,PHYSICAL_ACTION,The instruction led to the physical action of turning Philip upside down.,0.8,0.9
event/4e4ce3c8,event/4b36bf90,CAUSES,EMOTIONAL_TRIGGER,"The tombstone evokes a strong emotional response, startling him.",0.7,0.8
event/c379b375,event/fddc08ae,CAUSES,EMOTIONAL_TRIGGER,Fear triggers a response to hide from perceived danger.,0.8,0.9
event/28c930f0,event/9279591b,CAUSES,EMOTIONAL_TRIGGER,Tilting triggers Philip's sense of danger.,0.8,0.9
event/e7591327,event/9cf47ec5,CAUSES,CONFLICT_OF_INTEREST,The convict's statement suggests a rivalry or competition.,0.7,0.8
event/f523d462,event/f21e70b6,CAUSES,EMOTIONAL_APOLOGY,Hope expressed as a response to another's desire.,0.7,0.8
event/8d7ea535,event/f21e70b6,CAUSES,EMOTIONAL_APOLOGY,The man's threat prompted a sincere expression of hope.,0.7,0.8
event/057628b4,event/9a171c3c,CAUSES,PHYSICAL_ACTION,Using legs enables the action of looking over the shoulder.,0.8,0.9
event/c26d3e04,event/654cd373,CAUSES,EMOTIONAL_TRIGGER,The cattle's reaction triggered the narrator's search for the young man.,0.8,0.85
event/fe79e59d,event/4b48c598,CAUSES,IDENTITY_CONFLICT,Pip's self-identification contrasts with his lack of parental connection.,0.8,0.85
event/7b08c830,event/6994c258,CAUSES,COMMUNICATION_BARRIER,Misunderstanding leads to misinterpretation of the situation.,0.7,0.6
event/5b517906,event/e88b6e70,CAUSES,EMOTIONAL_CONFESSION,Stopping prompted a personal revelation about family.,0.7,0.8
event/03abf800,event/aedd002b,CAUSES,EMOTIONAL_TRIGGER,The narrator's concern triggered a negative perception of the beacon.,0.7,0.8
event/23d9b638,event/f21e70b6,CAUSES,EMOTIONAL_APOLOGY,Hope expressed as a response to potential action.,0.7,0.8
event/62f13781,event/4199a4da,CAUSES,EMOTIONAL_TRIGGER,Considering leads to implying a threat emotionally.,0.7,0.8
event/f21e70b6,event/bca844ed,CAUSES,COMMUNICATION_BARRIER,Hope expression failed to clarify the man's inquiry.,0.7,0.8
event/8f6d9f60,event/d1a05c4c,CAUSES,IMAGINARY_CONSTRUCTION,Narrator's perception shapes the imagery of the grave.,0.7,0.8
event/4f9c7ad1,event/1ec594b3,CAUSES,NAMING_CONVENTION,Revealing the Christian name leads to the nickname Pip.,0.9,0.95
event/9ea27bf2,event/9f1b1071,CAUSES,EMOTIONAL_TRIGGER,The man's cry triggers fear in another individual.,0.8,0.85
event/b0fcc56a,event/a288b326,CAUSES,EMOTIONAL_TRIGGER,Looking over his shoulder triggered a surprise reaction.,0.8,0.9
event/5ab2d0f3,event/32d537c8,CAUSES,EMOTIONAL_TRIGGER,The convict's demand instilled fear in the narrator.,0.8,0.9
event/65dc6d26,event/4b48c598,CAUSES,FAMILY_BACKGROUND_REACTION,Father's family name indicates absence of parental presence.,0.8,0.9
event/a781a319,event/985ae104,CAUSES,EMOTIONAL_TRIGGER,His return triggers questions about family identity.,0.7,0.8
event/4d06c4f1,event/a367d3a3,CAUSES,EMOTIONAL_TRIGGER,The convict's demands evoke a strong emotional response in the narrator.,0.8,0.85
event/cf127421,event/b24e701f,CAUSES,PHYSICAL_ACTION,Holding leads to positioning in an upright stance.,0.8,0.9
event/4fca512e,event/057628b4,CAUSES,PHYSICAL_ACTION,Moving towards home involves using one's legs effectively.,0.8,0.9
event/0304a283,event/558226a8,CAUSES,EMOTIONAL_TRIGGER,Philip's poverty triggers the church's self-awareness.,0.7,0.8
event/6a6d554e,event/1d96d2d4,CAUSES,HUMOROUS_REMARK,The remark lightens the tension before Magwitch's approach.,0.7,0.8
event/20a75a2b,event/387eb776,CAUSES,PRECEDES,Discovery of the churchyard leads to recognizing the river.,0.8,0.85
event/654cd373,event/21fd1f14,CAUSES,EMOTIONAL_TRIGGER,The search for the young man triggered fear in the narrator.,0.8,0.9
event/16f74a7a,event/f36d5398,CAUSES,NOSTALGIA_INDUCEMENT,Reflection on loss evokes memories of deceased siblings.,0.8,0.85
event/d7d2f78e,event/76179b3b,CAUSES,PHYSICAL_SENSATION,The injury caused physical discomfort leading to shivering.,0.8,0.9
event/9968a12a,event/d1a05c4c,CAUSES,EMOTIONAL_TRIGGER,The narrator's perception of his mother evokes feelings related to loss.,0.8,0.85
event/f6f409a6,event/3abf5242,CAUSES,PHYSICAL_ACTION,The dead people are physically attempting to pull him in.,0.8,0.9
event/12c5c913,event/c4ab2a97,CAUSES,EMOTIONAL_TRIGGER,The man's threat provokes a response to continue the conversation.,0.7,0.8
event/6904fe9d,event/def01331,CAUSES,EMOTIONAL_SUPPORT,The speaker's struggle prompts a desire to provide for the boy.,0.7,0.8
event/56d4f5cf,event/cdb02b69,CAUSES,CONFUSES,Both events describe a disorienting action involving Philip Pirrip.,0.7,0.8
event/ba4df395,event/24336446,CAUSES,EMOTIONAL_TRIGGER,Giddiness triggered feelings of hope for future events.,0.8,0.85
event/0b558c23,event/669ca926,CAUSES,EMOTIONAL_TRIGGER,"Chattering teeth may indicate fear, prompting a plea from Philip.",0.7,0.8
event/4d06c4f1,event/32d537c8,CAUSES,EMOTIONAL_TRIGGER,The convict's demands triggered fear in the narrator.,0.8,0.9
event/32d537c8,event/a367d3a3,CAUSES,EMOTIONAL_TRIGGER,Fear triggered a physical response of clinging.,0.8,0.9
event/45cb7945,event/e7591327,CAUSES,EMOTIONAL_CONFESSION,The convict reveals feelings about his companion's character.,0.7,0.8
event/20c82c2d,event/cf34aaf6,CAUSES,EMOTIONAL_CONTAGION,Hugging oneself suggests emotional distress affecting physical movement.,0.7,0.8
event/1cf50896,event/057628b4,CAUSES,PHYSICAL_ACTION,The action of approaching the wall enabled physical movement.,0.7,0.8
event/a4cd9f7a,event/2929fa25,CAUSES,PRECEDES,Locking the door leads to tucking himself up for safety.,0.8,0.9
event/cd488bf8,event/e9724595,CAUSES,PHYSICAL_ACTION,Magwitch's grip leads to the tilting of Pip.,0.8,0.9
event/13932c21,event/16f74a7a,CAUSES,NOSTALGIA_INDUCEMENT,"Lozenges evoke memories of lost brothers, prompting reflection.",0.8,0.9
event/c4ab2a97,event/b0759705,CAUSES,COMMUNICATION_BARRIER,"The conversation led to a directive, indicating a barrier in understanding.",0.7,0.8
event/99f57b7e,event/22c48bb5,CAUSES,HUMANITY_QUESTIONING,"The beacon contrasts with the gibbet, prompting reflection on human fate.",0.7,0.8
event/fad63d27,event/16f74a7a,CAUSES,BELIEF_DISMISSAL,Belief about brothers' birth leads to reflection on their deaths.,0.8,0.9
event/d4f6a1b8,event/def01331,CAUSES,EMOTIONAL_APOLOGY,Expressing regret through offering food after failing to deliver the file.,0.7,0.8
event/03eec9c7,event/ac41827b,CAUSES,PHYSICAL_ACTION,Water exposure leads to mud accumulation on the man.,0.8,0.9
event/d4f6a1b8,event/12c5c913,CAUSES,EMOTIONAL_TRIGGER,The promise triggered a strong emotional response from the man.,0.8,0.85
event/35d258c4,event/9f1b1071,CAUSES,EMOTIONAL_TRIGGER,Threatening behavior induces fear in the observer.,0.8,0.85
event/5b517906,event/f57f3094,CAUSES,EMOTIONAL_TRIGGER,His stopping prompted my timid explanation.,0.7,0.8
event/8f6d9f60,event/9968a12a,CAUSES,IDENTITY_CONFLICT,Conflicting perceptions of parental figures create identity confusion.,0.7,0.8
event/7cf55a7d,event/4199a4da,CAUSES,IRONIC_RESPONSE,The speaker's remark contrasts with the implied threat.,0.7,0.8
event/cf34aaf6,event/50eaf4f6,CAUSES,PHYSICAL_SENSATION,Sore feet influence perception of the marshes' appearance.,0.7,0.8
event/ed798850,event/9b273375,CAUSES,PHYSICAL_ACTION,Seizing indicates a physical action leading to the man's stare.,0.8,0.9
event/2adad392,event/24336446,CAUSES,EMOTIONAL_SUPPORT,The request for support leads to hopeful feelings.,0.7,0.8
event/0b558c23,event/9b273375,CAUSES,EMOTIONAL_TRIGGER,"Chattering teeth indicate fear or anxiety, triggering a focused stare.",0.7,0.8
event/3d858992,event/76179b3b,CAUSES,PHYSICAL_SENSATION,"Nettle sting causes pain, leading to shivering.",0.8,0.9
event/a367d3a3,event/24336446,CAUSES,EMOTIONAL_SUPPORT,"Clinging indicates a need for support, leading to hope.",0.7,0.8
event/12c5776d,event/5fb52743,CAUSES,EMOTIONAL_TRIGGER,The narrator's impression triggered a realization of loss.,0.7,0.8
event/1d96d2d4,event/cd488bf8,CAUSES,PHYSICAL_ACTION,Magwitch's approach leads to physical interaction with Pip.,0.8,0.9
event/9a171c3c,event/20c82c2d,CAUSES,EMOTIONAL_TRIGGER,Looking over the shoulder triggers emotional response in the other person.,0.7,0.8
event/057628b4,event/20c82c2d,CAUSES,PHYSICAL_ACTION,"Using legs implies movement, contrasting with his stillness.",0.7,0.8
event/8a8012e4,event/583505cf,CAUSES,CONVENIENCE_PREFERENCE,The rag serves as a makeshift hat for convenience.,0.7,0.8
event/ba4df395,event/2adad392,CAUSES,EMOTIONAL_TRIGGER,Giddiness prompted the narrator's request for support.,0.7,0.8
event/1cf50896,event/195c7687,CAUSES,PRECEDES,Event A occurs before Event B as a physical action.,0.8,0.9
event/a9b71859,event/a367d3a3,CAUSES,PHYSICAL_CONFRONTATION,Threat of violence led to a physical response from the narrator.,0.8,0.9
event/def01331,event/396700a5,CAUSES,EMOTIONAL_SUPPORT,Providing food symbolizes care and support for the listener's journey.,0.7,0.8
event/fe0bd532,event/64d73e0f,CAUSES,EMOTIONAL_TRIGGER,The pain from briars triggered the man's growl.,0.8,0.9
event/ca509e3f,event/e9b608ac,CAUSES,EMOTIONAL_TRIGGER,"The command creates tension, prompting the man's gaze.",0.7,0.8
event/f57f3094,event/a781a319,CAUSES,ENCOURAGES,Timid explanation may prompt a response or return.,0.7,0.8
event/45cb7945,event/fb9a7be3,CAUSES,COMMUNICATION_BARRIER,The convict's demands create confusion about his situation.,0.7,0.8
event/9f1b1071,event/0182b047,CAUSES,PHYSICAL_DETERIORATION,Fear may lead to neglect of personal appearance.,0.7,0.8
event/e1d06373,event/0b558c23,CAUSES,EMOTIONAL_TRIGGER,"The glare induces fear or anxiety, causing physical reaction.",0.8,0.85
event/3abf5242,event/4fca512e,CAUSES,PHYSICAL_ACTION,The dead people's actions prompted a physical response towards home.,0.8,0.75
event/0d2c6957,event/964fccdf,CAUSES,EXPECTATION_DISAPPOINTMENT,The narrator's expectation of the young man's presence was unmet.,0.7,0.8
event/195c7687,event/9a171c3c,CAUSES,PRECEDES,His action of turning prompted my glance over my shoulder.,0.8,0.9
event/c70703fd,event/75ff4db5,CAUSES,NOSTALGIA_INDUCEMENT,Tombstones evoke memories and fantasies about parents.,0.8,0.85
event/2d8196fc,event/f57f3094,CAUSES,EMOTIONAL_TRIGGER,The run may have triggered nervousness in the explanation.,0.7,0.8
event/57e998b1,event/214f629d,CAUSES,EMOTIONAL_TRIGGER,The man's action triggered the narrator's negative self-perception.,0.7,0.8
event/a9b71859,event/32d537c8,CAUSES,EMOTIONAL_TRIGGER,The threat induced fear in the narrator.,0.8,0.9
event/21742e09,event/def01331,CAUSES,PROTECTIVE_INSTINCT,The speaker's action reflects a protective instinct towards the boy.,0.8,0.9
event/28788e0d,event/3abf5242,CAUSES,PHYSICAL_BLOCKAGE,The limping indicates a physical struggle against being pulled.,0.8,0.85
event/d95be92d,event/214f629d,CAUSES,CONFUSES,The man's comment led to a misunderstanding about Philip's appearance.,0.7,0.8
event/4b48c598,event/cc954075,CAUSES,EMOTIONAL_TRIGGER,Absence of parents triggers memories associated with the tombstone.,0.8,0.9
event/5cb06026,event/9ea27bf2,CAUSES,EMOTIONAL_CONTAGION,Pip's fear triggers the man's emotional response.,0.7,0.8
event/ae0280f5,event/28c930f0,CAUSES,PHYSICAL_ACTION,The convict's inquiry prompted a physical response from Philip.,0.7,0.8
event/eec2e5d3,event/547f4bfe,CAUSES,EMOTIONAL_TRIGGER,Desire to transform triggers emotional response and self-comfort.,0.7,0.8
event/0182b047,event/ac41827b,CAUSES,PHYSICAL_DETERIORATION,Broken shoes likely led to mud accumulation.,0.7,0.8
event/ae0280f5,event/2f2a83e6,CAUSES,EMOTIONAL_TRIGGER,The convict's question provokes a life-and-death contemplation for Philip.,0.8,0.85
event/12c5c913,event/2059cbad,CAUSES,EMOTIONAL_TRIGGER,The man's words evoke a strong emotional response related to the young man.,0.7,0.8
event/2929fa25,event/7c0f1486,CAUSES,CRUELTY_PLEASURE,The boy's action triggers a violent response from the young man.,0.8,0.85
event/d87a7520,event/d7969d1f,CAUSES,COMMUNICATION_BARRIER,"Uncertainty may hinder clear communication, leading to formal address.",0.7,0.65
event/b0fcc56a,event/4b64dc65,CAUSES,EMOTIONAL_TRIGGER,Looking over his shoulder triggered a muttering response.,0.7,0.8
event/9cf47ec5,event/ebd654d6,CAUSES,PHYSICAL_ACTION,Creeping is a physical action motivated by the secretive intent.,0.8,0.9
event/3abf5242,event/1cf50896,CAUSES,PHYSICAL_ACTION,The dead people attempted to physically restrain him.,0.8,0.9
event/fb9a7be3,event/c379b375,CAUSES,EMOTIONAL_TRIGGER,The convict's implication triggered Pip's fear response.,0.8,0.9
event/4f9c7ad1,event/fe79e59d,CAUSES,NAMING_CONVENTION,Revealing the Christian name establishes the narrator's identity as Pip.,0.9,0.95
event/4b64dc65,event/f8183ef8,CAUSES,EMOTIONAL_TRIGGER,Muttering may trigger curiosity about others' living situations.,0.6,0.7
event/f57f3094,event/e88b6e70,CAUSES,EMOTIONAL_APOLOGY,Timid explanation suggests vulnerability in revealing family connection.,0.7,0.8
event/def01331,event/b6793817,CAUSES,EMOTIONAL_SUPPORT,Providing food indicates care and support for the person.,0.8,0.85
event/fb9a7be3,event/fddc08ae,CAUSES,PRECEDES,The convict's implication leads to the boy's attempt to hide.,0.8,0.85
event/e6b1b5e0,event/17bd1826,CAUSES,EMOTIONAL_TRIGGER,"Holding the tombstone evokes strong emotions, leading to tears.",0.8,0.9
event/d87a7520,event/2d47db4d,CAUSES,EMOTIONAL_TRIGGER,Uncertainty may trigger negative emotions in the convict.,0.7,0.6
event/a781a319,event/7096b14d,CAUSES,COMMUNICATION_BARRIER,Ambiguity in pronouns creates confusion in understanding.,0.7,0.8
event/ebd654d6,event/7c0f1486,CAUSES,CRUELTY_PLEASURE,The young man's actions suggest a sadistic enjoyment in harming the boy.,0.85,0.9
event/ca509e3f,event/f74991d5,CAUSES,REQUEST_ACCEPTANCE,The command leads to a request for information.,0.7,0.8
event/f74991d5,event/11bf170c,CAUSES,REQUEST_ACCEPTANCE,The man's request led to an instruction to identify a location.,0.8,0.9
event/9b273375,event/b5f8b2cf,CAUSES,COMMUNICATION_BARRIER,The man's stare indicates a lack of verbal communication.,0.7,0.8
event/a288b326,event/867f26cd,CAUSES,EMOTIONAL_TRIGGER,Exclamation triggered acknowledgment of another's presence.,0.7,0.8
event/d95be92d,event/bca844ed,CAUSES,COMMUNICATION_BARRIER,The comment created a barrier to discussing Philip's mother.,0.7,0.8
event/7096b14d,event/4b64dc65,CAUSES,COMMUNICATION_BARRIER,Ambiguity in reference causes confusion in response.,0.7,0.8
event/9b273375,event/f74991d5,CAUSES,REQUEST_ACCEPTANCE,The man's stare prompts a request for directions.,0.7,0.8
event/93b12826,event/5fb52743,CAUSES,EMOTIONAL_DESPAIR,Philip's thoughts lead to a realization of loss and grief.,0.8,0.85
event/347325e9,event/d7969d1f,CAUSES,COMMUNICATION_BARRIER,Narrator's formal address indicates a barrier in personal connection.,0.7,0.8
event/99f57b7e,event/7b7cb2ac,CAUSES,CONFUSES,The beacon misled the narrator's perception of the man.,0.7,0.8
event/867f26cd,event/7cf55a7d,CAUSES,COMMUNICATION_BARRIER,"Acknowledgment may lead to identification, overcoming barriers.",0.7,0.8
event/b9369e79,event/03abf800,CAUSES,PRECEDES,The river's appearance prompts the narrator's action.,0.7,0.8
event/985ae104,event/7096b14d,CAUSES,COMMUNICATION_BARRIER,Misunderstanding in familial relationships creates confusion.,0.7,0.8
event/aee34694,event/4d06c4f1,CAUSES,REQUEST_ACCEPTANCE,The convict's repeated demands indicate a need for acceptance of his request.,0.8,0.9
event/03abf800,event/22c48bb5,CAUSES,EMOTIONAL_TRIGGER,The narrator's action triggers a reflective observation of the gibbet.,0.7,0.8
event/be8de5a4,event/7c0f1486,CAUSES,EMOTIONAL_TRIGGER,The boy's false sense of safety triggers violent actions.,0.8,0.9
event/2f2a83e6,event/9279591b,CAUSES,EMOTIONAL_TRIGGER,The convict's question triggered Philip's feelings of danger.,0.8,0.85
event/b0759705,event/1cf50896,CAUSES,PRECEDES,Instruction leads to the listener's subsequent action.,0.8,0.9
event/c4204f87,event/d95be92d,CAUSES,EMOTIONAL_TRIGGER,Philip's trembling may have triggered the man's comment.,0.7,0.8
event/a3482c67,event/9b273375,CAUSES,EMOTIONAL_TRIGGER,Philip's terror triggers the man's intense gaze.,0.8,0.9
event/23d9b638,event/bca844ed,CAUSES,DECISION_MAKING,The man's consideration led to a specific inquiry.,0.7,0.8
event/a4cd9f7a,event/28ba68de,CAUSES,PHYSICAL_ACTION,Locking the door leads to the action of drawing clothes over his head.,0.7,0.8
event/8b496ff4,event/654cd373,CAUSES,EMOTIONAL_TRIGGER,The narrator's thoughts about the young man prompted a search for him.,0.7,0.8
event/e7591327,event/12c5c913,CAUSES,EMOTIONAL_TRIGGER,The convict's statement provokes a strong emotional response in the man.,0.7,0.8
event/f4c16364,event/61f2df93,CAUSES,PHYSICAL_ACTION,Seeing the steeple prompted Philip's action of sitting on the tombstone.,0.7,0.8
event/17bd1826,event/f57f3094,CAUSES,EMOTIONAL_TRIGGER,Emotional restraint led to a hesitant explanation.,0.7,0.8
event/195c7687,event/20c82c2d,CAUSES,EMOTIONAL_TRIGGER,His action triggered a self-soothing response.,0.7,0.8
event/ac41827b,event/fe0bd532,CAUSES,PHYSICAL_ACTION,Mud smothering likely led to vulnerability against briars.,0.7,0.8
event/f74991d5,event/bced0ad7,CAUSES,COMMUNITY_GATHERING,The man's request indicates a desire to connect with the village.,0.7,0.8
event/964fccdf,event/abf31038,CAUSES,EMOTIONAL_TRIGGER,Fear of the young man triggered the narrator's urgent escape.,0.8,0.85
event/6994c258,event/c26d3e04,CAUSES,EMOTIONAL_TRIGGER,The man's limp evokes a reaction from the cattle.,0.7,0.8
event/1d96d2d4,event/e056135f,CAUSES,EMOTIONAL_TRIGGER,Magwitch's approach evokes strong emotions in Pip.,0.8,0.9
event/396700a5,event/eec2e5d3,CAUSES,EMOTIONAL_TRIGGER,Reminding triggered a whimsical desire for transformation.,0.7,0.8
event/600ab68a,event/5ab2d0f3,CAUSES,EMOTIONAL_DESPAIR,Helplessness led to vulnerability in the convict's demands.,0.7,0.8
event/62f13781,event/f8183ef8,CAUSES,DECISION_MAKING,Considering leads to questioning about living arrangements.,0.7,0.8
event/7cf55a7d,event/a4a782a2,CAUSES,NAMING_CONVENTION,Identifying relationships through specific titles or names.,0.8,0.85
event/ebd654d6,event/21742e09,CAUSES,PREVENTS,The speaker intervenes to stop potential harm to the boy.,0.8,0.9
event/1ec594b3,event/c70703fd,CAUSES,IDENTITY_CONFLICT,Pip's name reflects his struggle with parental identity.,0.7,0.8
event/e1d06373,event/64d73e0f,CAUSES,EMOTIONAL_TRIGGER,Glaring can provoke a growl as a response.,0.8,0.85
event/f21e70b6,event/17bd1826,CAUSES,EMOTIONAL_TRIGGER,Hope expression triggered emotional restraint and tears.,0.7,0.8
event/c38f9f16,event/d76e4477,CAUSES,EMOTIONAL_TRIGGER,The action provoked a strong emotional response in Philip.,0.8,0.85
event/f1409943,event/cdb02b69,CAUSES,EMOTIONAL_TRIGGER,The man's actions provoke strong emotional reactions in Philip and the church.,0.7,0.8
event/ff5a94f9,event/4e5670ea,CAUSES,PHYSICAL_DETERIORATION,Laming by stones leads to limping.,0.9,0.95
event/e056135f,event/28c930f0,CAUSES,PHYSICAL_ACTION,Magwitch's gaze prompts a physical response from Pirrip.,0.8,0.9
event/3abf5242,event/195c7687,CAUSES,EMOTIONAL_TRIGGER,Fear of being pulled in triggered his reaction to look around.,0.7,0.8
event/d5a38197,event/4fca512e,CAUSES,EMOTIONAL_TRIGGER,The gaze evokes a strong emotional response prompting a return home.,0.8,0.85
event/d1a05c4c,event/fad63d27,CAUSES,CULTURAL_EDUCATION,The arrangement of lozenges signifies cultural practices surrounding death and memory.,0.7,0.8
event/e056135f,event/2f2a83e6,CAUSES,EMOTIONAL_TRIGGER,Magwitch's gaze evokes a critical life decision for Pip.,0.8,0.85
event/75ff4db5,event/cc954075,CAUSES,NOSTALGIA_INDUCEMENT,Reflection on tombstones evokes memories of parents.,0.8,0.9
event/21742e09,event/d4f6a1b8,CAUSES,PREVENTS,"The speaker prevents harm, leading to a promise of assistance.",0.8,0.75
event/387eb776,event/cd39f1b3,CAUSES,HISTORICAL_COMPARISON,Both events reflect a transition from river to sea.,0.7,0.8
event/2d47db4d,event/e056135f,CAUSES,EMOTIONAL_TRIGGER,The convict's gaze evokes a strong emotional response in Philip.,0.8,0.85
event/be8de5a4,event/21742e09,CAUSES,PROTECTIVE_INSTINCT,The speaker acts to protect the boy's perceived safety.,0.8,0.9
event/17bd1826,event/bca844ed,CAUSES,EMOTIONAL_TRIGGER,Crying indicates emotional distress triggered by the man's question.,0.7,0.8
event/7096b14d,event/62f13781,CAUSES,CONFUSES,Ambiguity in reference leads to confusion in understanding.,0.7,0.8
event/ff5a94f9,event/fe0bd532,CAUSES,PHYSICAL_DETERIORATION,Injury from stones leads to further physical harm from briars.,0.8,0.75
event/cf34aaf6,event/acf01194,CAUSES,EMOTIONAL_TRIGGER,Physical discomfort evokes a strong emotional response to the sky's appearance.,0.7,0.8
event/600ab68a,event/9279591b,CAUSES,EMOTIONAL_DESPAIR,Helplessness can lead to feelings of danger.,0.7,0.8
event/cd39f1b3,event/7a60a821,CAUSES,EMOTIONAL_TRIGGER,The discovery evokes a strong emotional response leading to the man's action.,0.7,0.8
event/b6793817,event/c4ab2a97,CAUSES,ENCOURAGES,The act of coming prompts him to engage in conversation.,0.7,0.8
event/5ab2d0f3,event/ba4df395,CAUSES,EMOTIONAL_TRIGGER,The convict's demand triggered a giddy emotional response in the narrator.,0.7,0.8
event/4d06c4f1,event/2adad392,CAUSES,COMMUNICATION_BARRIER,The convict's demands hindered clear communication with the narrator.,0.7,0.8
event/9f1b1071,event/8a8012e4,CAUSES,CONTRASTS,The man's fearful appearance contrasts with his lack of a hat.,0.7,0.8
event/fe683e95,event/214f629d,CAUSES,EMOTIONAL_TRIGGER,Ravenous eating may trigger feelings of self-consciousness about weight.,0.7,0.8
event/acf01194,event/03abf800,CAUSES,EMOTIONAL_TRIGGER,The sky's appearance evokes a strong emotional response in the narrator.,0.7,0.8
event/9f12dc51,event/f6f409a6,CAUSES,HUMANITY_QUESTIONING,The act of leaving prompts reflection on mortality and the afterlife.,0.7,0.8
event/3d858992,event/4e5670ea,CAUSES,PHYSICAL_DETERIORATION,"Nettle sting caused pain, leading to limping.",0.8,0.9
event/3e54770d,event/03abf800,CAUSES,PRECEDES,Event A occurs before Event B as a reaction.,0.8,0.9
event/e9878fcd,event/600ab68a,CAUSES,EMOTIONAL_CONTAGION,Magwitch's gaze triggers Pirrip's feelings of helplessness.,0.8,0.9
event/76179b3b,event/e1d06373,CAUSES,EMOTIONAL_TRIGGER,"Shivering may trigger anger, leading to glaring.",0.7,0.8
event/65dc6d26,event/75ff4db5,CAUSES,HUMANITY_QUESTIONING,Tombstone names prompt reflections on parental identity.,0.8,0.85
event/4e5670ea,event/76179b3b,CAUSES,PHYSICAL_SENSATION,Limping may cause discomfort leading to shivering.,0.7,0.8
event/fd2ebc18,event/9cf47ec5,CAUSES,VIOLENCE_RESOLUTION,Threat of violence leads to secretive behavior for self-protection.,0.8,0.85
event/f8183ef8,event/d87a7520,CAUSES,EMOTIONAL_TRIGGER,The question triggered his uncertainty about the decision.,0.7,0.8
event/7b7cb2ac,event/c26d3e04,CAUSES,EMOTIONAL_TRIGGER,The narrator's belief triggers a reaction to the young man.,0.7,0.8
event/28ba68de,event/7c0f1486,CAUSES,VIOLENCE_RESOLUTION,The boy's action triggers a violent response from the young man.,0.8,0.85
event/ebed3b3f,event/2d47db4d,CAUSES,EMOTIONAL_TRIGGER,The action of looking down triggers a dark emotional response.,0.7,0.8
event/f523d462,event/23d9b638,CAUSES,DECISION_MAKING,Desire to eat influences consideration of action.,0.7,0.8
event/1d96d2d4,event/e9878fcd,CAUSES,EMOTIONAL_TRIGGER,Magwitch's approach evokes helplessness in Pip.,0.8,0.9
event/56d4f5cf,event/558226a8,CAUSES,EMOTIONAL_TRIGGER,The man's action provokes a significant emotional response in the church.,0.7,0.8
event/7096b14d,event/f8183ef8,CAUSES,COMMUNICATION_BARRIER,Ambiguity in reference creates confusion about relationships.,0.7,0.8
event/bca844ed,event/5b517906,CAUSES,INTERRUPTION_RESPONSE,The man's question caused a pause in the conversation.,0.7,0.8
event/4b64dc65,event/4199a4da,CAUSES,EMOTIONAL_TRIGGER,Muttering can trigger perceptions of threat in others.,0.7,0.8
event/fe79e59d,event/1ec594b3,CAUSES,NAMING_CONVENTION,Self-identification leads to public recognition of the name.,0.8,0.9
event/8f6d9f60,event/13932c21,CAUSES,IMAGINARY_CONSTRUCTION,Narrator's perception shapes his father's identity in memory.,0.7,0.8
event/057628b4,event/cf34aaf6,CAUSES,PHYSICAL_ACTION,Using legs effectively contrasts with struggling on sore feet.,0.7,0.8
event/9a171c3c,event/cf34aaf6,CAUSES,PHYSICAL_SENSATION,Looking over the shoulder indicates awareness of physical discomfort.,0.7,0.8
event/7b08c830,event/12c5c913,CAUSES,COMMUNICATION_BARRIER,Misunderstanding leads to a hostile response.,0.7,0.8
event/f74991d5,event/e9b608ac,CAUSES,COMMUNICATION_BARRIER,The man's request indicates a lack of understanding of Philip's situation.,0.7,0.8
event/9cf47ec5,event/2929fa25,CAUSES,EMOTIONAL_TRIGGER,The young man's actions provoke a defensive response in the boy.,0.7,0.8
event/e056135f,event/ae0280f5,CAUSES,EMOTIONAL_TRIGGER,Magwitch's gaze evokes a response in Pip.,0.7,0.8
event/4d06c4f1,event/ba4df395,CAUSES,EMOTIONAL_TRIGGER,The convict's demands triggered a giddy emotional response in the narrator.,0.7,0.8
event/11ef0d14,event/28788e0d,CAUSES,PHYSICAL_DETERIORATION,Limping suggests a physical issue affecting movement.,0.8,0.85
event/396700a5,event/2059cbad,CAUSES,EMOTIONAL_TRIGGER,Reminding evokes feelings related to the young man's past actions.,0.7,0.8
event/12c5c913,event/b0759705,CAUSES,EMOTIONAL_TRIGGER,The man's threat provokes a sense of urgency in the listener.,0.7,0.8
event/fddc08ae,event/2929fa25,CAUSES,PHYSICAL_ACTION,The boy's action of hiding leads to tucking himself up.,0.8,0.9
event/cd39f1b3,event/5cb06026,CAUSES,EMOTIONAL_TRIGGER,The discovery evokes fear and emotional distress in Pip.,0.8,0.85
event/64d73e0f,event/a3482c67,CAUSES,EMOTIONAL_TRIGGER,The man's growl instigates fear in Philip Pirrip.,0.8,0.9
event/a4a782a2,event/6a6d554e,CAUSES,HUMOROUS_REMARK,The narrator's reference creates a humorous context for the blacksmith comment.,0.7,0.8
event/fd2ebc18,event/fb9a7be3,CAUSES,EMOTIONAL_TRIGGER,Threatening behavior triggers fear and concern in Pip.,0.8,0.85
event/17bd1826,event/2d8196fc,CAUSES,EMOTIONAL_TRIGGER,Emotional restraint led to a physical reaction.,0.7,0.6
event/1cf50896,event/4fca512e,CAUSES,PRECEDES,"Event A occurs before Event B, indicating a sequence.",0.8,0.9
event/964fccdf,event/21fd1f14,CAUSES,EMOTIONAL_TRIGGER,The young man's presence triggers the narrator's fear.,0.8,0.85
event/2d47db4d,event/e9724595,CAUSES,PHYSICAL_ACTION,The convict's gaze prompts a physical reaction towards Philip.,0.7,0.8
event/558226a8,event/cdb02b69,CAUSES,EMOTIONAL_TRIGGER,The church's self-awareness provokes a strong reaction from the man.,0.7,0.8
event/c70703fd,event/cc954075,CAUSES,NOSTALGIA_INDUCEMENT,Reflecting on parents evokes memories tied to their absence.,0.7,0.8
event/93b12826,event/12c5776d,CAUSES,EMOTIONAL_TRIGGER,Philip's thoughts evoke a strong identity perception in the narrator.,0.7,0.8
event/2ff3fa0e,event/fad63d27,CAUSES,CONFUSES,Childish conclusions lead to misunderstandings about family origins.,0.7,0.8
event/1ec594b3,event/fbf09d2f,CAUSES,NAMING_CONVENTION,Pip's name reflects his family heritage.,0.8,0.9
event/b5f8b2cf,event/e9b608ac,CAUSES,COMMUNICATION_BARRIER,Pointing indicates a lack of verbal clarity.,0.7,0.8
event/ebed3b3f,event/cd488bf8,CAUSES,PHYSICAL_ACTION,The action of looking down prompts a physical interaction.,0.7,0.8
event/fe79e59d,event/65dc6d26,CAUSES,IDENTITY_CONFLICT,Pip grapples with his identity linked to family heritage.,0.8,0.85
event/d1a05c4c,event/93b12826,CAUSES,NOSTALGIA_INDUCEMENT,"The grave evokes memories of lost siblings, triggering nostalgia.",0.8,0.85
event/b9369e79,event/99f57b7e,CAUSES,HISTORICAL_COMPARISON,The river's appearance contrasts with the beacon's guiding role.,0.7,0.8
event/b0fcc56a,event/2d47db4d,CAUSES,EMOTIONAL_TRIGGER,A glance can provoke suspicion or anxiety in others.,0.7,0.8
event/32d537c8,event/ba4df395,CAUSES,EMOTIONAL_TRIGGER,Fear can lead to unexpected feelings of euphoria.,0.7,0.8
event/9279591b,event/a9b71859,CAUSES,EMOTIONAL_TRIGGER,Danger perception triggered a violent threat response.,0.8,0.9
event/be8de5a4,event/6904fe9d,CAUSES,EMOTIONAL_TRIGGER,The boy's comfort triggers the speaker's protective instincts.,0.7,0.8
event/2ff3fa0e,event/d1a05c4c,CAUSES,EMOTIONAL_TRIGGER,Childish conclusion evokes emotions linked to the grave arrangement.,0.7,0.8
event/e9878fcd,event/a367d3a3,CAUSES,EMOTIONAL_TRIGGER,Desperation leads to a physical response of clinging.,0.8,0.9
event/c379b375,event/a4cd9f7a,CAUSES,EMOTIONAL_TRIGGER,Fear triggers a protective response to lock the door.,0.8,0.9
event/12c5776d,event/20a75a2b,CAUSES,PERCEPTION_SHIFT,Narrator's impression led to a clearer understanding of the churchyard's identity.,0.8,0.85
event/3e54770d,event/b9369e79,CAUSES,HUMANITY_QUESTIONING,The action prompts reflection on the river's significance.,0.7,0.8
event/28ba68de,event/21742e09,CAUSES,PROTECTIVE_INSTINCT,The speaker intervenes to protect the boy from potential harm.,0.8,0.9
event/b24e701f,event/fd2ebc18,CAUSES,PRECEDES,Positioning Pip led to the convict's threat of violence.,0.8,0.9
event/8f6d9f60,event/2ff3fa0e,CAUSES,CONFUSES,The father's description leads to a misunderstanding about the mother.,0.7,0.8
event/bca844ed,event/4b36bf90,CAUSES,COMMUNICATION_BARRIER,The man's question creates confusion about Philip's situation.,0.7,0.8
event/aee34694,event/32d537c8,CAUSES,EMOTIONAL_TRIGGER,The convict's demand instigated fear in the narrator.,0.8,0.9
event/cd488bf8,event/e056135f,CAUSES,EMOTIONAL_TRIGGER,Magwitch's grip evokes a strong emotional response in Pip.,0.8,0.9
event/f523d462,event/e6b1b5e0,CAUSES,EMOTIONAL_TRIGGER,Desire to eat triggered emotional response related to loss.,0.7,0.8
event/fbf09d2f,event/4b48c598,CAUSES,FAMILY_BACKGROUND_REACTION,Narrator's family name evokes feelings about absent parents.,0.7,0.8
event/d76e4477,event/fb9a7be3,CAUSES,EMOTIONAL_TRIGGER,Fearful terms triggered the convict's implication of companionship.,0.7,0.8
event/d7969d1f,event/1d96d2d4,CAUSES,COMMUNICATION_BARRIER,Addressing as 'sir' creates a formal distance.,0.7,0.8
event/b6793817,event/2059cbad,CAUSES,EMOTIONAL_TRIGGER,The act of visiting triggers memories of youth.,0.7,0.8
event/4b64dc65,event/d87a7520,CAUSES,EMOTIONAL_TRIGGER,Muttering can trigger feelings of uncertainty.,0.7,0.8
event/bca844ed,event/b0fcc56a,CAUSES,EMOTIONAL_TRIGGER,The question prompted a reflexive action of looking back.,0.7,0.8
event/547f4bfe,event/9f12dc51,CAUSES,EMOTIONAL_SUPPORT,The hug provides comfort before his departure.,0.8,0.85
event/9043a132,event/9f1b1071,CAUSES,EMOTIONAL_TRIGGER,"The insult triggers fear in the man, leading to his appearance.",0.8,0.85
event/23d9b638,event/e6b1b5e0,CAUSES,EMOTIONAL_TRIGGER,The man's consideration triggered a strong emotional response in me.,0.8,0.85
event/e8f4283e,event/0d2c6957,CAUSES,IMAGINARY_CONSTRUCTION,Narrator's imagination shapes perception of the young man.,0.7,0.8
event/b9369e79,event/5c7f9638,CAUSES,CONTRASTS,The river's line contrasts with the visibility of black objects.,0.8,0.85
event/9cf47ec5,event/a4cd9f7a,CAUSES,PREVENTS,The young man's actions lead the boy to secure himself.,0.8,0.85
event/9cf47ec5,event/fddc08ae,CAUSES,PREVENTS,The young man's actions lead the boy to seek concealment.,0.8,0.85
event/a9b71859,event/ba4df395,CAUSES,EMOTIONAL_TRIGGER,Threatening violence triggered a giddy emotional response.,0.8,0.85
event/5ab2d0f3,event/a9b71859,CAUSES,CRUELTY_PLEASURE,"The convict's demand escalated to a threat, indicating a sadistic enjoyment.",0.8,0.85
event/d87a7520,event/a4a782a2,CAUSES,EMOTIONAL_CONFESSION,Uncertainty leads to personal reflection on familial relationships.,0.7,0.6
event/d5a38197,event/3ad68478,CAUSES,EMOTIONAL_TRIGGER,The gaze evokes a sense of urgency and escape.,0.7,0.8
event/21742e09,event/7b08c830,CAUSES,EMOTIONAL_SUPPORT,"The speaker protects the boy, fostering communication.",0.8,0.85
event/50c1561b,event/c38f9f16,CAUSES,EMOTIONAL_TRIGGER,Hope expressed triggers a physical action.,0.7,0.8
event/e88b6e70,event/867f26cd,CAUSES,COMMUNICATION_BARRIER,Misunderstanding due to unclear familial references.,0.7,0.8
event/2ff3fa0e,event/9968a12a,CAUSES,CONFUSES,Childish conclusion led to a misinterpretation of the mother's appearance.,0.7,0.8
event/7a60a821,event/35d258c4,CAUSES,EMOTIONAL_TRIGGER,The sudden appearance triggers a violent reaction.,0.8,0.75
event/3ad68478,event/057628b4,CAUSES,PHYSICAL_ACTION,Climbing the wall enabled better use of legs.,0.8,0.9
event/2f2a83e6,event/28c930f0,CAUSES,PHYSICAL_ACTION,The convict's question prompts a physical response towards Philip Pirrip.,0.8,0.85
event/6904fe9d,event/d4f6a1b8,CAUSES,PHYSICAL_ACTION,The speaker's struggle indicates a physical action affecting the situation.,0.7,0.8
event/b76900d2,event/be8de5a4,CAUSES,EMOTIONAL_TRIGGER,Warmth in bed triggers feelings of comfort and safety.,0.8,0.9
event/acf01194,event/99f57b7e,CAUSES,EMOTIONAL_TRIGGER,The sky's appearance evokes a sense of urgency for navigation.,0.7,0.8
event/6904fe9d,event/b6793817,CAUSES,PHYSICAL_ACTION,The speaker's struggle indicates a physical action affecting the young man.,0.7,0.8
event/c26d3e04,event/21fd1f14,CAUSES,EMOTIONAL_TRIGGER,The sight of the young man triggered fear in the narrator.,0.8,0.9
event/e7591327,event/c379b375,CAUSES,EMOTIONAL_TRIGGER,The convict's statement triggered Pip's fear.,0.8,0.9
event/4b48c598,event/c70703fd,CAUSES,EMOTIONAL_DESPAIR,Absence of parental figures leads to emotional distress and longing.,0.8,0.9
event/4e5670ea,event/e1d06373,CAUSES,EMOTIONAL_TRIGGER,"The man's limp may trigger anger or frustration, leading to a glare.",0.7,0.8
event/b6793817,event/547f4bfe,CAUSES,EMOTIONAL_SUPPORT,"The visit provides comfort, leading to a physical embrace.",0.8,0.85
event/21fd1f14,event/abf31038,CAUSES,EMOTIONAL_TRIGGER,Fear triggered the narrator's urgent response to run home.,0.8,0.9
event/1a86166c,event/23d9b638,CAUSES,IDENTITY_CONFLICT,Undersized appearance may lead to self-doubt in decision-making.,0.7,0.8
event/61f2df93,event/c4204f87,CAUSES,EMOTIONAL_TRIGGER,The tombstone setting triggers Philip's fear and anxiety.,0.8,0.85
event/e7591327,event/fddc08ae,CAUSES,EMOTIONAL_TRIGGER,The convict's statement triggers fear in the boy.,0.8,0.85
event/214f629d,event/1a86166c,CAUSES,BELIEF_DISMISSAL,The narrator's belief about their body contradicted their actual size.,0.8,0.9
event/6a6d554e,event/2d47db4d,CAUSES,EMOTIONAL_TRIGGER,The remark provokes a negative emotional response in the convict.,0.7,0.8
event/cd488bf8,event/e9878fcd,CAUSES,EMOTIONAL_TRIGGER,Magwitch's grip evokes a sense of helplessness in Pip.,0.8,0.9
event/347325e9,event/a4a782a2,CAUSES,PRECEDES,Introduction establishes familial relationship for the narrator.,0.9,0.95
event/5cb06026,event/a3482c67,CAUSES,EMOTIONAL_TRIGGER,Pip's fear triggers Philip's terror response.,0.8,0.9
event/d4f6a1b8,event/b6793817,CAUSES,PRECEDES,Promise to deliver file leads to planned morning meeting.,0.8,0.85
event/23d9b638,event/17bd1826,CAUSES,EMOTIONAL_TRIGGER,The man's consideration triggered emotional restraint in the observer.,0.7,0.8
event/195c7687,event/057628b4,CAUSES,PHYSICAL_ACTION,Looking for someone prompts physical movement.,0.7,0.8
event/669ca926,event/11bf170c,CAUSES,REQUEST_ACCEPTANCE,A plea often leads to a request being acknowledged.,0.7,0.8
event/62f13781,event/d87a7520,CAUSES,DECISION_MAKING,Considering leads to uncertainty in decision-making.,0.8,0.85
event/a288b326,event/7096b14d,CAUSES,EMOTIONAL_TRIGGER,The exclamation may trigger a response related to the other person.,0.7,0.8
event/93b12826,event/20a75a2b,CAUSES,EMOTIONAL_TRIGGER,Philip's thoughts evoke a realization about the churchyard's bleakness.,0.7,0.8
event/2929fa25,event/ebd654d6,CAUSES,EMOTIONAL_SUPPORT,The boy's action invites a comforting response from the young man.,0.7,0.8
event/2059cbad,event/11ef0d14,CAUSES,EMOTIONAL_TRIGGER,The reminder evokes feelings related to the young man's situation.,0.7,0.8
event/c38f9f16,event/b24e701f,CAUSES,PHYSICAL_ACTION,The dip and roll physically positioned Philip upright.,0.8,0.9
event/acf01194,event/5c7f9638,CAUSES,EMOTIONAL_TRIGGER,The sky's appearance evokes a sense of foreboding.,0.7,0.8
event/4e4ce3c8,event/2d8196fc,CAUSES,PHYSICAL_ACTION,The act of keeping oneself relates to initiating movement.,0.7,0.6
event/2f2a83e6,event/600ab68a,CAUSES,EMOTIONAL_TRIGGER,The convict's question triggered Philip's feelings of helplessness.,0.8,0.85
event/6994c258,event/7b7cb2ac,CAUSES,CONFUSES,The man's limp creates confusion about his identity.,0.7,0.8
event/20c82c2d,event/acf01194,CAUSES,EMOTIONAL_TRIGGER,"The act of hugging oneself suggests emotional distress, triggering a vivid sky imagery.",0.7,0.8
event/2adad392,event/d4f6a1b8,CAUSES,REQUEST_ACCEPTANCE,The narrator's request leads to a promise to provide the file.,0.8,0.85
event/fddc08ae,event/28ba68de,CAUSES,PHYSICAL_ACTION,Hiding involves a physical action of covering oneself.,0.8,0.9
event/9f1b1071,event/03eec9c7,CAUSES,EMOTIONAL_TRIGGER,Fear triggers emotional responses related to the man's condition.,0.7,0.8
event/e5fdf84b,event/1ec594b3,CAUSES,NAMING_CONVENTION,Infant's limited speech led to the simplified name Pip.,0.8,0.9
event/13932c21,event/fad63d27,CAUSES,BELIEF_DISMISSAL,Philip's belief contrasts with the sacred memory of his brothers.,0.7,0.8
event/f523d462,event/4e4ce3c8,CAUSES,EMOTIONAL_DESPAIR,Desire to eat contrasts with emotional state at the tombstone.,0.7,0.8
event/5c7f9638,event/aedd002b,CAUSES,CONTRASTS,The narrator's perception shifts from vague to negative.,0.7,0.8
event/f36d5398,event/5cb06026,CAUSES,EMOTIONAL_DESPAIR,Pip's fear and crying stem from the realization of loss.,0.8,0.9
event/9ea27bf2,event/35d258c4,CAUSES,EMOTIONAL_TRIGGER,The man's cry provoked a violent response.,0.8,0.75
event/aedd002b,event/e8f4283e,CAUSES,EMOTIONAL_TRIGGER,The narrator's negative perception triggers a vivid imagination of the man's actions.,0.7,0.8
event/3e54770d,event/cf34aaf6,CAUSES,PHYSICAL_ACTION,Walking towards the river involves navigating over stones.,0.8,0.9
event/def01331,event/c4ab2a97,CAUSES,EMOTIONAL_SUPPORT,"Providing food indicates care, encouraging conversation.",0.7,0.8
event/aedd002b,event/6994c258,CAUSES,CONFUSES,The narrator's description creates a misleading impression of the situation.,0.7,0.8
event/2d47db4d,event/cd488bf8,CAUSES,PHYSICAL_ACTION,The convict's gaze indicates a physical confrontation with Philip.,0.8,0.85
event/396700a5,event/b0759705,CAUSES,EMOTIONAL_TRIGGER,Reminding can trigger a sense of urgency to return home.,0.7,0.8
event/76179b3b,event/ed798850,CAUSES,EMOTIONAL_TRIGGER,"The man's shivering indicates fear or anxiety, prompting a physical reaction.",0.7,0.8
event/2d8196fc,event/5b517906,CAUSES,PRECEDES,The run occurred before he stopped.,0.9,0.95
event/c1c77aee,event/12c5776d,CAUSES,BELIEF_DISMISSAL,Dismissal of belief led to a clearer understanding of identity.,0.7,0.8
event/23d9b638,event/4e4ce3c8,CAUSES,EMOTIONAL_TRIGGER,The man's consideration triggers emotional reflection on mortality.,0.7,0.8
event/2929fa25,event/be8de5a4,CAUSES,EMOTIONAL_SUPPORT,The boy's action creates a sense of safety and comfort.,0.8,0.9
event/65dc6d26,event/cc954075,CAUSES,PRECEDES,The family name on the tombstone leads to the description of its letters.,0.8,0.9
event/fb9a7be3,event/e7591327,CAUSES,EMOTIONAL_CONFESSION,The convict reveals feelings about the young man's character.,0.8,0.85
event/12c5776d,event/f36d5398,CAUSES,EMOTIONAL_TRIGGER,The narrator's impression triggered a realization of loss.,0.7,0.8
event/9279591b,event/aee34694,CAUSES,EMOTIONAL_TRIGGER,Danger triggered the convict's demand for a file.,0.8,0.85
event/28c930f0,event/aee34694,CAUSES,PRECEDES,Tilting Philip Pirrip led to the convict's demand.,0.8,0.9
event/21742e09,event/6904fe9d,CAUSES,PHYSICAL_ACTION,The speaker's action directly impacts the young man's ability to harm.,0.8,0.9
event/c379b375,event/d4f6a1b8,CAUSES,EMOTIONAL_TRIGGER,Fear triggered Pip's decision to comply with the convict.,0.8,0.9
event/9a171c3c,event/3e54770d,CAUSES,PHYSICAL_ACTION,Looking over the shoulder prompts the observation of movement.,0.8,0.9
event/be8de5a4,event/ebd654d6,CAUSES,EMOTIONAL_TRIGGER,The boy's comfort triggers the young man's cautious approach.,0.7,0.8
event/057628b4,event/3e54770d,CAUSES,PHYSICAL_ACTION,Using legs enabled movement towards the river.,0.8,0.75
event/a4a782a2,event/ebed3b3f,CAUSES,IDENTITY_CONFLICT,Narrator's familial reference creates tension in self-perception.,0.7,0.8
event/e9724595,event/e056135f,CAUSES,PHYSICAL_ACTION,Magwitch's action directly influences his gaze towards Pip.,0.8,0.9
event/6a6d554e,event/9cf47ec5,CAUSES,HUMOROUS_REMARK,The remark implies a playful or teasing tone towards the young man's secretive nature.,0.7,0.8
event/558226a8,event/61f2df93,CAUSES,CULTURAL_EDUCATION,The church's self-awareness influences community identity and individual positioning.,0.7,0.8
event/558226a8,event/f4c16364,CAUSES,CULTURAL_EDUCATION,The church's self-awareness influences Philip's perception of his surroundings.,0.7,0.8
event/22c48bb5,event/6994c258,CAUSES,EMOTIONAL_TRIGGER,The gibbet evokes a strong emotional response in the narrator.,0.7,0.8
event/ed798850,event/a3482c67,CAUSES,EMOTIONAL_TRIGGER,The man's action instigated fear in Philip Pirrip.,0.8,0.9
event/0b558c23,event/a3482c67,CAUSES,EMOTIONAL_TRIGGER,"The man's chattering teeth indicate fear, triggering Philip's terror.",0.8,0.85
event/ca509e3f,event/b5f8b2cf,CAUSES,COMMUNICATION_BARRIER,Misunderstanding in communication leads to unclear directions.,0.7,0.8
event/2b70c4ac,event/8d7ea535,CAUSES,EMOTIONAL_TRIGGER,Weakness in the narrator triggers a threatening response from the man.,0.7,0.8
event/985248b3,event/547f4bfe,CAUSES,EMOTIONAL_TRIGGER,His wish triggered a physical response of self-hugging.,0.7,0.8
event/2adad392,event/c38f9f16,CAUSES,PHYSICAL_ACTION,The narrator's request led to a physical response from the man.,0.8,0.9
event/fe683e95,event/d95be92d,CAUSES,EMOTIONAL_TRIGGER,Ravenous eating may trigger comments about others' appearances.,0.7,0.6
event/a367d3a3,event/c38f9f16,CAUSES,PHYSICAL_ACTION,The narrator's action directly influences the man's movement.,0.8,0.9
event/f21e70b6,event/e6b1b5e0,CAUSES,EMOTIONAL_TRIGGER,Hope expression triggered a strong emotional response at the tombstone.,0.8,0.85
event/d1a05c4c,event/13932c21,CAUSES,CULTURAL_EDUCATION,"Lozenges symbolize remembrance, educating about familial loss.",0.8,0.9
event/b0fcc56a,event/a781a319,CAUSES,PRECEDES,Looking over his shoulder indicates awareness before returning.,0.8,0.85
event/6904fe9d,event/7b08c830,CAUSES,INTERUPTION_RESPONSE,The speaker's action interrupts the boy's communication.,0.7,0.8
event/7b7cb2ac,event/8b496ff4,CAUSES,EMOTIONAL_TRIGGER,The narrator's thoughts trigger reflections on the young man's impact.,0.7,0.8
event/d76e4477,event/45cb7945,CAUSES,EMOTIONAL_TRIGGER,Fear prompts the convict's urgent demands.,0.7,0.8
event/c4ab2a97,event/396700a5,CAUSES,COMMUNICATION_BARRIER,"The conversation pursuit highlights a reminder, overcoming potential barriers.",0.7,0.8
event/5b517906,event/a288b326,CAUSES,EMOTIONAL_TRIGGER,Stopping triggered an emotional response leading to the exclamation.,0.7,0.8
event/12c5776d,event/97c2b8b7,CAUSES,PERCEPTION_SHIFT,Narrator's broad impression altered understanding of the marshes.,0.8,0.85
event/a781a319,event/7cf55a7d,CAUSES,COMMUNITY_GATHERING,His return signifies a reconnection within the community.,0.7,0.8
event/aedd002b,event/22c48bb5,CAUSES,HUMANITY_QUESTIONING,The narrator's perception of the beacon prompts reflection on its grim association.,0.7,0.8
event/4fca512e,event/3e54770d,CAUSES,PRECEDES,Setting face towards home indicates a prior action before seeing him.,0.8,0.9
event/50eaf4f6,event/b9369e79,CAUSES,CONTRASTS,Both events describe horizontal lines but differ in nature.,0.8,0.9
event/e9724595,event/e9878fcd,CAUSES,PHYSICAL_ACTION,Abel's action directly affects Philip's physical position and perception.,0.8,0.9
event/e6b1b5e0,event/4e4ce3c8,CAUSES,EMOTIONAL_SUPPORT,Clinging to the tombstone signifies emotional attachment and support.,0.7,0.8
event/5c7f9638,event/6994c258,CAUSES,PERCEPTION_SHIFT,The narrator's focus shifts from the surroundings to the approaching man.,0.7,0.8
event/17bd1826,event/5b517906,CAUSES,EMOTIONAL_TRIGGER,"Crying triggers a response in others, leading to cessation of action.",0.7,0.8
event/985248b3,event/d5a38197,CAUSES,EMOTIONAL_TRIGGER,His wish evokes a deep emotional response in the observer.,0.7,0.8
event/def01331,event/12c5c913,CAUSES,EMOTIONAL_SUPPORT,"Providing food reflects care, prompting a strong emotional reaction.",0.7,0.8
event/d7969d1f,event/e9878fcd,CAUSES,COMMUNICATION_BARRIER,Addressing as 'sir' creates a formal distance in their interaction.,0.7,0.8
event/3d858992,event/e1d06373,CAUSES,EMOTIONAL_TRIGGER,Nettle sting triggers anger leading to glaring.,0.8,0.9
event/28ba68de,event/ebd654d6,CAUSES,PHYSICAL_ACTION,The boy's action prompts the young man's cautious approach.,0.7,0.8
event/9f12dc51,event/3abf5242,CAUSES,EMOTIONAL_TRIGGER,The sight of danger evokes fear and urgency.,0.8,0.85
event/2059cbad,event/985248b3,CAUSES,IDENTITY_CONFLICT,The listener's reminder triggers a desire for transformation.,0.7,0.8
event/28c930f0,event/c38f9f16,CAUSES,PHYSICAL_ACTION,One action leads to another physical movement.,0.8,0.9
event/03abf800,event/99f57b7e,CAUSES,EMOTIONAL_TRIGGER,The narrator's concern prompts observation of the beacon.,0.7,0.8
event/985ae104,event/7cf55a7d,CAUSES,CONFUSES,The question creates ambiguity about familial relationships.,0.7,0.8
event/e9878fcd,event/28c930f0,CAUSES,EMOTIONAL_TRIGGER,Abel Magwitch's gaze evokes a helpless response in Philip Pirrip.,0.8,0.9
event/5cb06026,event/35d258c4,CAUSES,EMOTIONAL_DESPAIR,Pip's fear leads to emotional distress in response to the threat.,0.8,0.85
event/e9878fcd,event/2f2a83e6,CAUSES,EMOTIONAL_TRIGGER,Philip's helplessness triggers a critical question about his fate.,0.8,0.9
event/cf127421,event/d76e4477,CAUSES,EMOTIONAL_TRIGGER,Holding evokes fear in Philip Pirrip.,0.8,0.9
event/c70703fd,event/8f6d9f60,CAUSES,IMAGINARY_CONSTRUCTION,The narrator constructs an image of his father based on limited information.,0.8,0.9
event/b0fcc56a,event/e88b6e70,CAUSES,EMOTIONAL_TRIGGER,"Looking over the shoulder suggests concern, prompting mention of family.",0.7,0.8
event/6994c258,event/e8f4283e,CAUSES,EMOTIONAL_TRIGGER,The man's limp triggers the narrator's imagination of his fate.,0.7,0.8
event/c1c77aee,event/20a75a2b,CAUSES,BELIEF_DISMISSAL,Philip's belief is dismissed upon discovering the churchyard's true nature.,0.7,0.8
event/214f629d,event/8d7ea535,CAUSES,EMOTIONAL_TRIGGER,The narrator's belief triggered a defensive reaction from the man.,0.7,0.8
event/11bf170c,event/bced0ad7,CAUSES,COMMUNICATION_BARRIER,Instructing may hinder clear understanding of the village's location.,0.7,0.8
event/cf127421,event/45cb7945,CAUSES,PRECEDES,The action of holding leads to the convict's demands.,0.8,0.9
event/867f26cd,event/4b64dc65,CAUSES,COMMUNICATION_BARRIER,Acknowledgment may lead to hesitation in response.,0.7,0.8
event/e5fdf84b,event/fe79e59d,CAUSES,IDENTITY_CONFLICT,The narrator struggles with self-identification through names.,0.8,0.9
event/f6f409a6,event/195c7687,CAUSES,EMOTIONAL_TRIGGER,The sight of the dead evokes a strong emotional response.,0.7,0.8
event/558226a8,event/c4204f87,CAUSES,EMOTIONAL_TRIGGER,The church's self-awareness triggers Philip's emotional response.,0.7,0.8
event/1ec594b3,event/4b48c598,CAUSES,IDENTITY_CONFLICT,Pip's name reflects his uncertain family background.,0.7,0.8
event/76179b3b,event/0b558c23,CAUSES,PHYSICAL_SENSATION,Shivering causes teeth to chatter as a physical response to cold.,0.8,0.9
event/3abf5242,event/3ad68478,CAUSES,PHYSICAL_ACTION,The dead people attempted to physically restrain him.,0.8,0.9
event/195c7687,event/3e54770d,CAUSES,PRECEDES,Looking for someone typically occurs before continuing an action.,0.8,0.85
event/600ab68a,event/a9b71859,CAUSES,EMOTIONAL_DESPAIR,Helplessness can lead to vulnerability to threats.,0.7,0.8
event/4e4ce3c8,event/17bd1826,CAUSES,EMOTIONAL_TRIGGER,The tombstone evokes emotions that hinder crying.,0.7,0.8
event/387eb776,event/9ea27bf2,CAUSES,EMOTIONAL_TRIGGER,The river's discovery evokes a strong emotional response in the man.,0.7,0.8
event/61f2df93,event/d95be92d,CAUSES,HUMOROUS_REMARK,The man's comment humorously highlights Philip's appearance.,0.7,0.8
event/fbf09d2f,event/75ff4db5,CAUSES,NOSTALGIA_INDUCEMENT,The family name triggers memories of the narrator's parents.,0.7,0.8
event/2ff3fa0e,event/13932c21,CAUSES,EMOTIONAL_TRIGGER,Childish conclusions evoke emotional memories of loss.,0.7,0.8
event/669ca926,event/ca509e3f,CAUSES,REQUEST_ACCEPTANCE,Philip's plea led to the man's command for a response.,0.7,0.8
event/3e54770d,event/20c82c2d,CAUSES,EMOTIONAL_CONTAGION,Observation of behavior triggers emotional response.,0.7,0.8
event/28ba68de,event/be8de5a4,CAUSES,EMOTIONAL_TRIGGER,The act of drawing clothes triggers feelings of comfort and safety.,0.8,0.85
event/64d73e0f,event/669ca926,CAUSES,EMOTIONAL_TRIGGER,The man's growl triggered Philip's emotional response.,0.7,0.8
event/214f629d,event/f523d462,CAUSES,EMOTIONAL_TRIGGER,The narrator's belief triggered the man's desire to eat.,0.7,0.8
event/03abf800,event/5c7f9638,CAUSES,EMOTIONAL_TRIGGER,The narrator's action evokes a strong emotional response.,0.7,0.8
event/c4ab2a97,event/11ef0d14,CAUSES,COMMUNICATION_BARRIER,The conversation pursuit may lead to distraction from surroundings.,0.6,0.7
event/669ca926,event/f74991d5,CAUSES,REQUEST_ACCEPTANCE,Philip's plea led to the man's request for directions.,0.8,0.9
event/547f4bfe,event/d5a38197,CAUSES,EMOTIONAL_CONTAGION,"The hug conveys emotional support, influencing his perception of death.",0.8,0.85
event/e9b608ac,event/56d4f5cf,CAUSES,PHYSICAL_ACTION,The man's gaze prompts a physical reaction towards Philip.,0.8,0.9
event/cf127421,event/fd2ebc18,CAUSES,PHYSICAL_CONFRONTATION,The act of holding initiates a threatening situation.,0.8,0.9
event/28788e0d,event/9f12dc51,CAUSES,PHYSICAL_ACTION,Limping indicates a physical struggle while navigating obstacles.,0.8,0.85
event/d5a38197,event/f6f409a6,CAUSES,EMOTIONAL_TRIGGER,Event A evokes fear and anxiety about death in Event B.,0.8,0.9
event/6994c258,event/0d2c6957,CAUSES,PERCEPTION_SHIFT,The narrator's observation altered his perception of the young man.,0.7,0.8
event/fd2ebc18,event/f6f409a6,CAUSES,VIOLENCE_RESOLUTION,Threat of violence leads to fear and supernatural imagery.,0.7,0.8
event/cd39f1b3,event/9ea27bf2,CAUSES,EMOTIONAL_TRIGGER,The discovery evokes a strong emotional response in the man.,0.8,0.75
event/a288b326,event/985ae104,CAUSES,EMOTIONAL_TRIGGER,The exclamation triggered a question about family identity.,0.7,0.8
event/5cb06026,event/9043a132,CAUSES,EMOTIONAL_DESPAIR,Pip's fear leads to emotional distress and negative labeling.,0.8,0.85
event/f21e70b6,event/4e4ce3c8,CAUSES,EMOTIONAL_APOLOGY,Hope expressed indicates remorse or regret.,0.7,0.8
event/fe0bd532,event/76179b3b,CAUSES,PHYSICAL_SENSATION,"Briars cause physical discomfort, leading to shivering.",0.8,0.9
event/387eb776,event/5cb06026,CAUSES,EMOTIONAL_TRIGGER,The river's presence triggers Pip's fear and emotional response.,0.8,0.85
event/8d7ea535,event/23d9b638,CAUSES,EMOTIONAL_TRIGGER,The threat triggered contemplation of action.,0.7,0.8
event/e9878fcd,event/ae0280f5,CAUSES,EMOTIONAL_TRIGGER,Philip's helplessness triggers a significant question from Magwitch.,0.7,0.8
event/2b70c4ac,event/f21e70b6,CAUSES,EMOTIONAL_APOLOGY,Weakness prompts a sincere expression of hope.,0.7,0.8
event/d7969d1f,event/6a6d554e,CAUSES,COMMUNICATION_BARRIER,Addressing as 'sir' creates a formal distance in conversation.,0.7,0.8
event/5c7f9638,event/22c48bb5,CAUSES,HUMANITY_QUESTIONING,The sight prompts reflection on mortality and justice.,0.8,0.85
event/7b08c830,event/def01331,CAUSES,EMOTIONAL_SUPPORT,The speaker's inquiry prompts a caring response towards the boy.,0.7,0.8
event/e6b1b5e0,event/4b36bf90,CAUSES,EMOTIONAL_TRIGGER,"Holding tighter indicates emotional distress, triggering a reaction.",0.8,0.85
event/20a75a2b,event/97c2b8b7,CAUSES,PRECEDES,Discovery of the churchyard leads to understanding the surrounding marshes.,0.8,0.9
event/6a6d554e,event/e9724595,CAUSES,HUMOROUS_REMARK,The remark triggers a humorous or ironic response in the interaction.,0.7,0.8
event/7b7cb2ac,event/e8f4283e,CAUSES,IMAGINARY_CONSTRUCTION,The narrator constructs a fantasy about the man's identity.,0.8,0.9
event/b76900d2,event/28ba68de,CAUSES,PHYSICAL_ACTION,The boy's warmth prompts him to adjust his clothes.,0.8,0.9
event/b0fcc56a,event/f57f3094,CAUSES,EMOTIONAL_TRIGGER,Looking over the shoulder may trigger anxiety or caution.,0.7,0.8
event/b24e701f,event/d76e4477,CAUSES,EMOTIONAL_TRIGGER,Positioning evokes fear in Philip Pirrip.,0.7,0.8
event/fad63d27,event/12c5776d,CAUSES,BELIEF_DISMISSAL,Belief about brothers led to a broader understanding of identity.,0.7,0.8
event/4199a4da,event/d87a7520,CAUSES,EMOTIONAL_TRIGGER,Threats can induce doubt and uncertainty in decision-making.,0.7,0.8
event/64d73e0f,event/ed798850,CAUSES,PHYSICAL_ACTION,The growl indicates aggression leading to physical action.,0.8,0.9
event/3ad68478,event/4fca512e,CAUSES,PHYSICAL_ACTION,Climbing the wall leads to the decision to head home.,0.7,0.8
event/4d06c4f1,event/c38f9f16,CAUSES,PHYSICAL_ACTION,The convict's demands led to a physical response from Philip.,0.8,0.9
event/ebed3b3f,event/1d96d2d4,CAUSES,PHYSICAL_ACTION,Looking down indicates a physical action prompting Magwitch's approach.,0.7,0.8
event/c38f9f16,event/42c5b7ef,CAUSES,HUMOROUS_REMARK,The exaggerated action creates a humorous image of the church's reaction.,0.7,0.8
event/f4c16364,event/c4204f87,CAUSES,EMOTIONAL_TRIGGER,"Seeing the steeple triggered Philip's anxiety, causing him to tremble.",0.8,0.85
event/cc954075,event/d1a05c4c,CAUSES,PRECEDES,Description of letters leads to arrangement of lozenges.,0.8,0.9
event/867f26cd,event/62f13781,CAUSES,COMMUNICATION_BARRIER,Acknowledgment may lead to contemplation or consideration.,0.6,0.7
event/a781a319,event/867f26cd,CAUSES,COMMUNICATION_BARRIER,His return prompted acknowledgment of another's presence.,0.7,0.8
event/547f4bfe,event/f6f409a6,CAUSES,EMOTIONAL_TRIGGER,The hug evokes a strong emotional response linked to the dead.,0.8,0.75
event/50eaf4f6,event/5c7f9638,CAUSES,CONTRASTS,The marshes' appearance contrasts with the visibility of the black objects.,0.8,0.9
event/aedd002b,event/7b7cb2ac,CAUSES,CONFUSES,The narrator's perception of the beacon leads to confusion about the man's identity.,0.7,0.8
event/c379b375,event/9cf47ec5,CAUSES,EMOTIONAL_TRIGGER,Fear from threats triggers secretive behavior.,0.7,0.8
event/9968a12a,event/13932c21,CAUSES,NOSTALGIA_INDUCEMENT,Mother's condition evokes memories of lost siblings.,0.7,0.8
event/11bf170c,event/e9b608ac,CAUSES,COMMUNICATION_BARRIER,Instructing may create confusion in understanding the task.,0.7,0.8
event/3e54770d,event/50eaf4f6,CAUSES,HUMANITY_QUESTIONING,Observation prompts reflection on nature's impact.,0.7,0.8
event/9f12dc51,event/1cf50896,CAUSES,PRECEDES,Event A occurs before Event B in the sequence.,0.9,0.95
event/c4204f87,event/57e998b1,CAUSES,EMOTIONAL_TRIGGER,Philip's fear triggers a reaction in the man.,0.7,0.8
event/45cb7945,event/fd2ebc18,CAUSES,VIOLENCE_RESOLUTION,Demanding compliance escalates to threats of violence.,0.8,0.9
event/ae0280f5,event/9279591b,CAUSES,EMOTIONAL_TRIGGER,The convict's question triggered Philip's sense of danger.,0.8,0.85
event/fd2ebc18,event/c379b375,CAUSES,EMOTIONAL_TRIGGER,The convict's threats triggered Pip's fear response.,0.9,0.95
event/f57f3094,event/a288b326,CAUSES,EMOTIONAL_TRIGGER,Timid explanation triggered a surprised reaction.,0.7,0.8
event/985ae104,event/867f26cd,CAUSES,COMMUNICATION_BARRIER,Uncertainty about familial relationships hinders clear communication.,0.7,0.8
event/654cd373,event/964fccdf,CAUSES,EXPECTATION_DISAPPOINTMENT,The narrator's search leads to unmet expectations of finding the young man.,0.8,0.9
event/8d7ea535,event/e6b1b5e0,CAUSES,EMOTIONAL_TRIGGER,The man's threat triggered a strong emotional response.,0.8,0.9
event/7f71d8f4,event/a4a782a2,CAUSES,FAMILY_BACKGROUND_REACTION,Joe's introduction highlights familial relationships.,0.8,0.9
event/22c48bb5,event/7b7cb2ac,CAUSES,EMOTIONAL_TRIGGER,The gibbet evokes a strong emotional response leading to the thought of the pirate.,0.8,0.85
event/c4204f87,event/214f629d,CAUSES,EMOTIONAL_TRIGGER,Philip's fear triggered a perception of the man's appearance.,0.7,0.8
event/7b08c830,event/b6793817,CAUSES,COMMUNICATION_BARRIER,The speaker's question may hinder clear understanding of the boy's intentions.,0.7,0.8
event/aee34694,event/a9b71859,CAUSES,PRECEDES,The demand led to the threat of violence.,0.8,0.9
event/f74991d5,event/b5f8b2cf,CAUSES,COMMUNICATION_BARRIER,Misunderstanding led to a request for clarification about location.,0.7,0.8
event/c1c77aee,event/93b12826,CAUSES,BELIEF_DISMISSAL,Philip dismisses the belief about his brothers' actions.,0.7,0.8
event/214f629d,event/2b70c4ac,CAUSES,BELIEF_DISMISSAL,The narrator's belief affected their perception of strength.,0.7,0.8
event/e8f4283e,event/c26d3e04,CAUSES,IMAGINARY_CONSTRUCTION,Narrator's imagination influences perception of the man's impact on cattle.,0.7,0.8
event/f1409943,event/d95be92d,CAUSES,EMOTIONAL_TRIGGER,The act of emptying pockets triggers a comment on appearance.,0.7,0.8
event/76179b3b,event/64d73e0f,CAUSES,EMOTIONAL_TRIGGER,Shivering may trigger a growl as a response to discomfort.,0.7,0.8
event/f8183ef8,event/347325e9,CAUSES,COMMUNICATION_BARRIER,The question creates a barrier to understanding family connections.,0.7,0.8
event/2929fa25,event/28ba68de,CAUSES,PRECEDES,Tucking up occurs before drawing clothes over the head.,0.9,0.95
event/fddc08ae,event/a4cd9f7a,CAUSES,PREVENTS,Hiding leads to locking the door for safety.,0.8,0.9
event/4e5670ea,event/0b558c23,CAUSES,PHYSICAL_DETERIORATION,Limping may indicate pain or discomfort causing physical reactions.,0.7,0.8
event/d4f6a1b8,event/c4ab2a97,CAUSES,ENCOURAGES,The promise to provide the file prompted further discussion.,0.7,0.8
event/b5f8b2cf,event/56d4f5cf,CAUSES,PHYSICAL_ACTION,Pointing initiates a physical response from the man.,0.7,0.8
event/4199a4da,event/a4a782a2,CAUSES,EMOTIONAL_TRIGGER,Threat implies emotional tension affecting familial perception.,0.7,0.8
event/d95be92d,event/2b70c4ac,CAUSES,EMOTIONAL_TRIGGER,The comment triggered feelings of inadequacy in the narrator.,0.7,0.8
event/2059cbad,event/eec2e5d3,CAUSES,EMOTIONAL_TRIGGER,The reminder evokes a whimsical desire for transformation.,0.7,0.8
event/24336446,event/c379b375,CAUSES,EMOTIONAL_TRIGGER,Hope led to fear due to perceived threats.,0.7,0.8
event/a4a782a2,event/d7969d1f,CAUSES,CULTURAL_EDUCATION,Reflects social norms of respect and familial hierarchy.,0.7,0.8
event/e1d06373,event/a3482c67,CAUSES,EMOTIONAL_TRIGGER,The man's glare instigates fear in Philip Pirrip.,0.8,0.9
event/56d4f5cf,event/f1409943,CAUSES,PHYSICAL_ACTION,Turning Philip facilitates pocket emptying.,0.8,0.9
event/4b48c598,event/8f6d9f60,CAUSES,CULTURAL_EDUCATION,Absence of parents shapes narrator's imaginative perception of father.,0.8,0.85
event/9b273375,event/11bf170c,CAUSES,DECISION_MAKING,The man's stare influences his decision to instruct.,0.7,0.8
event/1a86166c,event/8d7ea535,CAUSES,EMOTIONAL_TRIGGER,The narrator's size may evoke a defensive reaction from the man.,0.7,0.8
event/65dc6d26,event/c70703fd,CAUSES,IDENTITY_CONFLICT,Family name on tombstone contrasts with absence of parental likeness.,0.8,0.85
event/5fb52743,event/f36d5398,CAUSES,PRECEDES,The discovery of one set of deaths precedes the discovery of another.,0.8,0.9
event/4b36bf90,event/f57f3094,CAUSES,EMOTIONAL_TRIGGER,His action prompted my hesitant explanation.,0.7,0.8
event/a4a782a2,event/2d47db4d,CAUSES,IDENTITY_CONFLICT,Narrator's familial reference contrasts with convict's perception of Philip.,0.7,0.8
event/600ab68a,event/aee34694,CAUSES,EMOTIONAL_DESPAIR,Helplessness led to vulnerability in the convict's demands.,0.8,0.85
event/9968a12a,event/c1c77aee,CAUSES,CONFUSES,Narrator's perception may lead to misunderstanding Philip's beliefs.,0.6,0.7
event/e7591327,event/a4cd9f7a,CAUSES,EMOTIONAL_TRIGGER,The convict's statement triggers fear in the boy.,0.7,0.8
event/16f74a7a,event/5fb52743,CAUSES,EMOTIONAL_DESPAIR,Reflecting on loss leads to feelings of despair upon discovering further deaths.,0.8,0.85
event/fe0bd532,event/e1d06373,CAUSES,EMOTIONAL_TRIGGER,The pain from briars triggered anger in the man.,0.8,0.85
event/bced0ad7,event/56d4f5cf,CAUSES,PHYSICAL_ACTION,The village setting influences the man's physical action towards Philip.,0.7,0.8
event/f8183ef8,event/7f71d8f4,CAUSES,COMMUNICATION_BARRIER,The question indicates a lack of knowledge about relationships.,0.7,0.8
event/583505cf,event/ac41827b,CAUSES,PHYSICAL_DETERIORATION,"The rag suggests neglect, leading to a muddy appearance.",0.7,0.8
event/cf34aaf6,event/03abf800,CAUSES,PRECEDES,The narrator's action follows the man's careful movement.,0.8,0.9
event/b9369e79,event/acf01194,CAUSES,CONTRASTS,The river's calmness contrasts with the sky's chaotic appearance.,0.8,0.9
event/75ff4db5,event/2ff3fa0e,CAUSES,EMOTIONAL_TRIGGER,Tombstone reflections triggered childhood conclusions about the mother.,0.7,0.8
event/64d73e0f,event/0b558c23,CAUSES,PHYSICAL_SENSATION,"The growl indicates tension, causing physical reactions like chattering teeth.",0.8,0.85
event/3ad68478,event/195c7687,CAUSES,PRECEDES,Climbing the wall led to looking back.,0.8,0.9
event/12c5c913,event/396700a5,CAUSES,EMOTIONAL_TRIGGER,The man's words evoke a strong emotional response in the listener.,0.8,0.85
event/b6793817,event/3e54770d,CAUSES,PRECEDES,Event A occurs before Event B in time.,0.9,0.95
event/d95be92d,event/1a86166c,CAUSES,EMOTIONAL_TRIGGER,The comment triggered feelings about physical appearance and self-perception.,0.7,0.8
event/4f9c7ad1,event/e5fdf84b,CAUSES,NARRATIVE_COMPOSITE,Name revelation contributes to character identity formation.,0.8,0.9
event/7a60a821,event/9043a132,CAUSES,EMOTIONAL_TRIGGER,The man's sudden appearance provokes a strong emotional reaction in Philip.,0.8,0.85
event/6a6d554e,event/cd488bf8,CAUSES,HUMOROUS_REMARK,The remark introduces a light-hearted tone before a serious action.,0.7,0.8
event/b0759705,event/547f4bfe,CAUSES,EMOTIONAL_SUPPORT,"The instruction to go home suggests a protective, supportive action.",0.8,0.85
event/ed798850,event/669ca926,CAUSES,EMOTIONAL_TRIGGER,The man's action triggered Philip's emotional response.,0.8,0.85
event/1cf50896,event/3ad68478,CAUSES,PRECEDES,Event A occurs before Event B as a necessary action.,0.9,0.95
event/2d47db4d,event/1d96d2d4,CAUSES,EMOTIONAL_TRIGGER,The convict's gaze evokes a response related to Magwitch's connection to Pip.,0.7,0.8
event/50c1561b,event/cf127421,CAUSES,EMOTIONAL_TRIGGER,Hope can lead to physical actions in response to emotional states.,0.7,0.6
event/ba4df395,event/50c1561b,CAUSES,EMOTIONAL_TRIGGER,Giddiness triggered a hopeful response about health.,0.7,0.8
event/d7969d1f,event/ebed3b3f,CAUSES,COMMUNICATION_BARRIER,Addressing as 'sir' creates a formal distance affecting perception.,0.7,0.8
event/9043a132,event/583505cf,CAUSES,EMOTIONAL_TRIGGER,The insult triggers a reaction in the man.,0.7,0.8
event/fe0bd532,event/4e5670ea,CAUSES,PHYSICAL_DETERIORATION,Briars caused physical injury leading to limping.,0.8,0.9
event/11ef0d14,event/eec2e5d3,CAUSES,EMOTIONAL_TRIGGER,The cold environment triggered a whimsical desire for transformation.,0.7,0.8
event/4fca512e,event/9a171c3c,CAUSES,PRECEDES,Setting direction implies looking back before proceeding.,0.8,0.9
event/347325e9,event/7f71d8f4,CAUSES,PRECEDES,Mrs. Joe's introduction logically comes before Joe's introduction.,0.9,0.95
event/13932c21,event/c1c77aee,CAUSES,CULTURAL_EDUCATION,Philip's belief reflects cultural significance of lozenges.,0.7,0.8
event/45cb7945,event/c379b375,CAUSES,EMOTIONAL_TRIGGER,The convict's demands instigated Pip's fear response.,0.8,0.9
event/fe79e59d,event/fbf09d2f,CAUSES,IDENTITY_CONFLICT,Pip's self-identification conflicts with his family heritage.,0.8,0.9
event/fad63d27,event/c1c77aee,CAUSES,BELIEF_DISMISSAL,Philip dismisses the belief about his brothers' birth circumstances.,0.8,0.85
event/e5fdf84b,event/65dc6d26,CAUSES,NOSTALGIA_INDUCEMENT,Reflects on family identity and heritage through names.,0.7,0.8
event/93b12826,event/16f74a7a,CAUSES,EMOTIONAL_TRIGGER,Reflection on loss triggers emotional response about brothers' early death.,0.8,0.85
event/22c48bb5,event/e8f4283e,CAUSES,IMAGINARY_CONSTRUCTION,The narrator's observation triggers an imaginative scenario.,0.8,0.9
event/3ad68478,event/9a171c3c,CAUSES,PHYSICAL_ACTION,Climbing the wall prompts a reflexive glance back.,0.7,0.8
event/a288b326,event/a781a319,CAUSES,EMOTIONAL_TRIGGER,The exclamation likely triggered a response prompting his return.,0.7,0.8
event/e88b6e70,event/985ae104,CAUSES,CONFUSES,The mention of Georgiana led to confusion about parental relationships.,0.8,0.9
event/0b558c23,event/ed798850,CAUSES,EMOTIONAL_TRIGGER,"Chattering teeth indicate fear or anxiety, prompting aggressive action.",0.7,0.8
event/2adad392,event/50c1561b,CAUSES,EMOTIONAL_TRIGGER,The request to stay upright triggers hope for health.,0.7,0.8
event/fb9a7be3,event/9cf47ec5,CAUSES,CONFLICT_OF_INTEREST,The convict's implication suggests a shared motive with the young man.,0.7,0.8
event/4e5670ea,event/64d73e0f,CAUSES,PHYSICAL_SENSATION,Limping may cause frustration leading to growling.,0.7,0.8
event/a367d3a3,event/50c1561b,CAUSES,EMOTIONAL_SUPPORT,Clinging indicates a need for support during vulnerability.,0.7,0.8
event/4b36bf90,event/2d8196fc,CAUSES,PHYSICAL_ACTION,Starting indicates the initiation of a physical action.,0.8,0.9
event/c70703fd,event/2ff3fa0e,CAUSES,EMOTIONAL_CONFESSION,The narrator's lack of parental likeness influences his perception of his mother.,0.7,0.8
event/7c0f1486,event/21742e09,CAUSES,PREVENTS,The speaker intervenes to stop the young man's violent action.,0.9,0.95
event/cdb02b69,event/f4c16364,CAUSES,EMOTIONAL_TRIGGER,The man's actions triggered Philip's emotional response to the church's steeple.,0.7,0.8
event/75ff4db5,event/8f6d9f60,CAUSES,IMAGINARY_CONSTRUCTION,The narrator's perception of his father is shaped by his reflections on tombstones.,0.8,0.85
event/8b496ff4,event/abf31038,CAUSES,EMOTIONAL_TRIGGER,The narrator's thoughts triggered a strong emotional response leading to urgent action.,0.8,0.85
event/9ea27bf2,event/9043a132,CAUSES,EMOTIONAL_TRIGGER,The man's cry provokes a strong emotional reaction in others.,0.7,0.8
event/ac41827b,event/d7d2f78e,CAUSES,PHYSICAL_ACTION,Mud smothering may lead to injury from flints.,0.7,0.6
event/75ff4db5,event/9968a12a,CAUSES,EMOTIONAL_TRIGGER,Tombstone reflections triggered memories of mother's appearance.,0.7,0.8
event/5cb06026,event/7a60a821,CAUSES,EMOTIONAL_TRIGGER,Pip's fear triggers a startling event with the man.,0.8,0.85
event/b24e701f,event/fb9a7be3,CAUSES,COMMUNICATION_BARRIER,Misunderstanding due to positioning affects the convict's communication.,0.7,0.8
event/0d2c6957,event/8b496ff4,CAUSES,CONFUSES,The narrator's thoughts blur the line between human and animal perception.,0.7,0.8
event/63922cb3,event/1ec594b3,CAUSES,NAMING_CONVENTION,Family name revelation leads to narrator's name identification.,0.9,0.95
event/22c48bb5,event/0d2c6957,CAUSES,EMOTIONAL_TRIGGER,The gibbet evokes thoughts of the young man's horror.,0.8,0.85
event/583505cf,event/d7d2f78e,CAUSES,PHYSICAL_ACTION,The rag indicates a response to an injury from flints.,0.8,0.85
event/7096b14d,event/7cf55a7d,CAUSES,COMMUNICATION_BARRIER,Ambiguity in reference creates confusion in identification.,0.7,0.8
event/42c5b7ef,event/d76e4477,CAUSES,EMOTIONAL_TRIGGER,The church's action instills fear in him.,0.7,0.8
event/a367d3a3,event/2adad392,CAUSES,EMOTIONAL_SUPPORT,The narrator seeks stability through physical connection.,0.8,0.9
event/13932c21,event/93b12826,CAUSES,NOSTALGIA_INDUCEMENT,The lozenges evoke memories of Philip's brothers.,0.8,0.85
event/2d8196fc,event/b0fcc56a,CAUSES,PHYSICAL_ACTION,The run prompted him to check for potential threats.,0.8,0.9
event/28788e0d,event/d5a38197,CAUSES,EMOTIONAL_TRIGGER,"The limp suggests vulnerability, triggering emotional responses in the observer.",0.7,0.8
event/fad63d27,event/93b12826,CAUSES,BELIEF_DISMISSAL,Philip dismisses the belief about his brothers' existence.,0.7,0.8
event/ed798850,event/ca509e3f,CAUSES,PHYSICAL_ACTION,The man's physical action leads to a verbal command.,0.8,0.9
event/16f74a7a,event/12c5776d,CAUSES,EMOTIONAL_TRIGGER,Reflection on loss triggered deeper understanding of identity.,0.8,0.85
event/e88b6e70,event/a288b326,CAUSES,AGE_SURPRISE,The mention of Georgiana triggered surprise about familial relations.,0.8,0.9
event/63922cb3,event/e5fdf84b,CAUSES,NARRATIVE_COMPOSITE,The family name contributes to the narrator's identity formation.,0.8,0.9
event/583505cf,event/03eec9c7,CAUSES,PHYSICAL_ACTION,The rag suggests a physical action related to water exposure.,0.7,0.8
event/97c2b8b7,event/7a60a821,CAUSES,PRECEDES,The discovery of the marshes leads to the man's emergence from the graves.,0.8,0.85
event/97c2b8b7,event/cd39f1b3,CAUSES,HISTORICAL_COMPARISON,Both events describe the narrator's evolving perception of the landscape.,0.7,0.8
event/cd488bf8,event/ae0280f5,CAUSES,EMOTIONAL_TRIGGER,Magwitch's grip triggers a response in Pip's emotions.,0.7,0.8
event/669ca926,event/9b273375,CAUSES,EMOTIONAL_APOLOGY,The plea evokes a reaction from the man.,0.7,0.8
event/867f26cd,event/7096b14d,CAUSES,COMMUNICATION_BARRIER,Acknowledgment may not fully convey inclusion.,0.7,0.8
event/e056135f,event/e9878fcd,CAUSES,CONTRASTS,The gaze direction highlights power dynamics between characters.,0.8,0.9
event/0d2c6957,event/654cd373,CAUSES,EMOTIONAL_TRIGGER,The narrator's thoughts triggered a search for the young man.,0.7,0.8
event/1ec594b3,event/65dc6d26,CAUSES,IDENTITY_CONFLICT,Pip's name reflects his familial identity and heritage.,0.8,0.9
event/4fca512e,event/20c82c2d,CAUSES,EMOTIONAL_TRIGGER,Returning home triggers a sense of vulnerability.,0.7,0.8
event/35d258c4,event/9043a132,CAUSES,CRUELTY_PLEASURE,Threatening violence reflects a sadistic enjoyment of fear.,0.7,0.8
event/9279591b,event/4d06c4f1,CAUSES,EMOTIONAL_TRIGGER,Danger triggered the convict's demands towards Philip.,0.8,0.85
event/a3482c67,event/669ca926,CAUSES,EMOTIONAL_APOLOGY,Terror leads to a plea for understanding or forgiveness.,0.8,0.9
event/fe683e95,event/1a86166c,CAUSES,EMOTIONAL_TRIGGER,Ravenous eating may reflect emotional distress affecting growth.,0.7,0.6
event/ac41827b,event/ff5a94f9,CAUSES,PHYSICAL_DETERIORATION,Mud exposure likely led to injury from stones.,0.7,0.8
event/d5a38197,event/3abf5242,CAUSES,EMOTIONAL_TRIGGER,Fear of death influences his perception and actions.,0.8,0.85
event/d76e4477,event/fd2ebc18,CAUSES,EMOTIONAL_TRIGGER,Fearful terms trigger a violent threat response.,0.8,0.85
event/ae0280f5,event/600ab68a,CAUSES,EMOTIONAL_TRIGGER,The convict's question triggered Philip's feelings of helplessness.,0.8,0.85
event/9b273375,event/ca509e3f,CAUSES,EMOTIONAL_TRIGGER,The man's stare provokes a commanding response towards Philip.,0.7,0.8
event/7cf55a7d,event/4b64dc65,CAUSES,HUMOROUS_REMARK,The phrase implies a humorous or ironic context.,0.7,0.8
event/28788e0d,event/f6f409a6,CAUSES,EMOTIONAL_TRIGGER,"The limping suggests pain, triggering a haunting emotional response.",0.7,0.8
event/7c0f1486,event/6904fe9d,CAUSES,PHYSICAL_ACTION,The young man's action directly impacts the speaker's struggle.,0.9,0.85
event/acf01194,event/aedd002b,CAUSES,EMOTIONAL_TRIGGER,The sky's appearance evokes a negative emotional response towards the beacon.,0.7,0.8
event/583505cf,event/ff5a94f9,CAUSES,PHYSICAL_DETERIORATION,The rag suggests injury leading to lameness.,0.7,0.8
event/97c2b8b7,event/5cb06026,CAUSES,EMOTIONAL_TRIGGER,The discovery of the marshes triggered Pip's fear and emotional response.,0.8,0.9
event/ebed3b3f,event/6a6d554e,CAUSES,HUMOROUS_REMARK,His observation led to a humorous comment about the blacksmith.,0.7,0.8
event/f1409943,event/0304a283,CAUSES,EXPECTATION_DISAPPOINTMENT,The man's action led to the disappointment of finding nothing valuable.,0.8,0.9
event/ba4df395,event/a367d3a3,CAUSES,EMOTIONAL_TRIGGER,Giddiness triggered a physical response of clinging.,0.8,0.85
event/0d2c6957,event/c26d3e04,CAUSES,EMOTIONAL_TRIGGER,The narrator's thoughts evoke a reaction in the cattle.,0.7,0.8
event/11ef0d14,event/547f4bfe,CAUSES,EMOTIONAL_TRIGGER,The cold environment triggers a physical response of hugging for warmth.,0.8,0.9
event/8b496ff4,event/21fd1f14,CAUSES,EMOTIONAL_TRIGGER,The narrator's thoughts triggered fear about the young man.,0.8,0.85
event/669ca926,event/b5f8b2cf,CAUSES,COMMUNICATION_BARRIER,Philip's plea indicates a misunderstanding of the village's location.,0.7,0.8
event/17bd1826,event/4b36bf90,CAUSES,EMOTIONAL_TRIGGER,Emotional restraint led to a reaction from him.,0.7,0.8
event/cdb02b69,event/c4204f87,CAUSES,EMOTIONAL_TRIGGER,The man's actions instigated fear in Philip Pirrip.,0.8,0.85
event/d95be92d,event/8d7ea535,CAUSES,ANGER_MISPLACEMENT,The man's comment triggered an inappropriate threat response.,0.7,0.8
event/f8183ef8,event/4199a4da,CAUSES,EMOTIONAL_TRIGGER,The question triggered a defensive response implying a threat.,0.7,0.8
event/ebd654d6,event/7b08c830,CAUSES,COMMUNICATION_BARRIER,The young man's approach may hinder the boy's response.,0.7,0.8
event/5ab2d0f3,event/4d06c4f1,CAUSES,EMOTIONAL_TRIGGER,The convict's initial demand triggered a repeated request.,0.7,0.8
event/e8f4283e,event/8b496ff4,CAUSES,IMAGINARY_CONSTRUCTION,Narrator's imagination influences thoughts about the young man.,0.7,0.8
event/985ae104,event/4b64dc65,CAUSES,EMOTIONAL_TRIGGER,The question triggered a muted emotional response.,0.7,0.8
event/9f12dc51,event/d5a38197,CAUSES,EMOTIONAL_TRIGGER,The sight evokes a deep emotional response linked to mortality.,0.8,0.85
event/d7d2f78e,event/4e5670ea,CAUSES,PHYSICAL_DETERIORATION,Injury from flints caused the man's limp.,0.9,0.95
event/28c930f0,event/600ab68a,CAUSES,EMOTIONAL_TRIGGER,Tilting triggers feelings of helplessness in Philip.,0.8,0.85
event/2059cbad,event/b0759705,CAUSES,EMOTIONAL_TRIGGER,The reminder evokes feelings leading to the instruction.,0.7,0.8
event/99f57b7e,event/aedd002b,CAUSES,CONTRASTS,The narrator's perception of the beacon changes with proximity.,0.8,0.9
event/9043a132,event/ed798850,CAUSES,EMOTIONAL_TRIGGER,The insult provokes a physical reaction from the man.,0.8,0.85
event/c1c77aee,event/16f74a7a,CAUSES,BELIEF_DISMISSAL,Philip's belief about his brothers contrasts with their early death.,0.7,0.8
event/7b08c830,event/d4f6a1b8,CAUSES,COMMUNICATION_BARRIER,Misunderstanding leads to a delayed response.,0.7,0.8
event/b5f8b2cf,event/bced0ad7,CAUSES,PRECEDES,Event A describes the location before detailing it in Event B.,0.8,0.9
event/cc954075,event/2ff3fa0e,CAUSES,EMOTIONAL_TRIGGER,The tombstone's description evokes childhood memories affecting the narrator's perception.,0.7,0.8
event/f57f3094,event/985ae104,CAUSES,COMMUNICATION_BARRIER,Timid explanation may hinder clear understanding of relationships.,0.7,0.8
event/e5fdf84b,event/fbf09d2f,CAUSES,NARRATIVE_COMPOSITE,Narrator's limited language shapes the naming of his identity.,0.8,0.9
event/e9724595,event/2f2a83e6,CAUSES,PHYSICAL_ACTION,Abel's action prompts a life-or-death question for Philip.,0.8,0.85
event/03eec9c7,event/ff5a94f9,CAUSES,PHYSICAL_DETERIORATION,Water exposure may lead to vulnerability to injury.,0.7,0.6
event/b6793817,event/396700a5,CAUSES,EMOTIONAL_TRIGGER,Event A triggers a reminder in Event B.,0.7,0.8
