:START_ID,:END_ID,:TYPE,weight,relationType,cause_seq,effect_seq
event/2e5a08e5,event/b9d389c0,CAUSES,0.9,causes,0,1
event/2e5a08e5,event/a8b41fb4,CAUSES,0.9,causes,0,2
event/b9d389c0,event/a8b41fb4,CAUSES,0.9,causes,1,2
event/2e5a08e5,event/64383109,CAUSES,0.9,causes,0,3
event/b9d389c0,event/64383109,CAUSES,0.8,causes,1,3
event/a8b41fb4,event/64383109,CAUSES,0.9,causes,2,3
event/b9d389c0,event/84017580,CAUSES,0.8,causes,1,4
event/a8b41fb4,event/84017580,CAUSES,0.8,causes,2,4
event/64383109,event/84017580,CAUSES,0.8,causes,3,4
event/b9d389c0,event/4da41d0e,CAUSES,0.8,causes,1,5
event/64383109,event/4da41d0e,CAUSES,0.8,enables,3,5
event/64383109,event/11f543fc,CAUSES,0.7,enables,3,6
event/11f543fc,event/fd01c0f5,CAUSES,0.8,causes,6,7
event/84017580,event/7d2a6bab,CAUSES,0.7,enables,4,8
event/11f543fc,event/7d2a6bab,CAUSES,0.8,causes,6,8
event/fd01c0f5,event/7d2a6bab,CAUSES,0.8,causes,7,8
event/11f543fc,event/3edd9f18,CAUSES,0.8,causes,6,9
event/fd01c0f5,event/3edd9f18,CAUSES,0.8,causes,7,9
event/7d2a6bab,event/3edd9f18,CAUSES,0.8,causes,8,9
event/3edd9f18,event/61acce51,CAUSES,0.7,enables,9,10
event/fd01c0f5,event/eb7e1b5b,CAUSES,0.7,causes,7,11
event/3edd9f18,event/eb7e1b5b,CAUSES,0.8,causes,9,11
event/61acce51,event/eb7e1b5b,CAUSES,0.7,enables,10,11
event/3edd9f18,event/ffb59e70,CAUSES,0.8,causes,9,13
event/61acce51,event/ffb59e70,CAUSES,0.7,causes,10,13
event/61acce51,event/04642ad1,CAUSES,0.7,enables,10,14
event/04642ad1,event/17aeab10,CAUSES,0.8,causes,14,15
event/04642ad1,event/53c313d6,CAUSES,0.8,causes,14,16
event/04642ad1,event/82e198b2,CAUSES,0.8,causes,14,17
event/17aeab10,event/82e198b2,CAUSES,0.7,causes,15,17
event/53c313d6,event/82e198b2,CAUSES,0.7,causes,16,17
event/53c313d6,event/ff4fc2d8,CAUSES,0.8,causes,16,18
event/82e198b2,event/ff4fc2d8,CAUSES,0.8,causes,17,18
event/ba5b93a5,event/0db92bbc,CAUSES,0.7,enables,19,21
event/0db92bbc,event/53b69a34,CAUSES,0.8,causes,21,22
event/53b69a34,event/b0bf7bae,CAUSES,0.7,causes,22,24
event/b48bd86f,event/b0bf7bae,CAUSES,0.7,causes,23,24
event/0db92bbc,event/b7944487,CAUSES,0.8,enables,21,25
event/b7944487,event/9aff9f5b,CAUSES,0.7,enables,25,28
event/3a532cb1,event/9aff9f5b,CAUSES,0.8,causes,27,28
event/9aff9f5b,event/69d6dd7a,CAUSES,0.8,causes,28,29
event/69d6dd7a,event/656b7b8e,CAUSES,0.7,causes,29,30
event/69d6dd7a,event/0a25a77f,CAUSES,0.8,causes,29,31
event/69d6dd7a,event/841f4b92,CAUSES,0.7,aggravates,29,32
event/656b7b8e,event/841f4b92,CAUSES,0.8,causes,30,32
event/0a25a77f,event/841f4b92,CAUSES,0.8,causes,31,32
event/841f4b92,event/f5a84fb4,CAUSES,0.8,causes,32,33
event/0a25a77f,event/7ccbc9f3,CAUSES,0.7,aggravates,31,35
event/841f4b92,event/7ccbc9f3,CAUSES,0.7,aggravates,32,35
event/f5a84fb4,event/7ccbc9f3,CAUSES,0.7,aggravates,33,35
event/6b6f0979,event/7ccbc9f3,CAUSES,0.8,aggravates,34,35
event/f5a84fb4,event/09e8801a,CAUSES,0.8,causes,33,36
event/6b6f0979,event/09e8801a,CAUSES,0.8,causes,34,36
event/7ccbc9f3,event/09e8801a,CAUSES,0.8,causes,35,36
event/f5a84fb4,event/66db1cde,CAUSES,0.8,causes,33,37
event/6b6f0979,event/66db1cde,CAUSES,0.8,causes,34,37
event/7ccbc9f3,event/66db1cde,CAUSES,0.8,causes,35,37
event/09e8801a,event/66db1cde,CAUSES,0.8,causes,36,37
event/7ccbc9f3,event/ea8d71eb,CAUSES,0.8,aggravates,35,39
event/09e8801a,event/ea8d71eb,CAUSES,0.8,causes,36,39
event/5fff48b1,event/dc71b24e,CAUSES,0.7,prevents,38,40
event/ea8d71eb,event/dc71b24e,CAUSES,0.8,causes,39,40
event/d639b38c,event/29b98e15,CAUSES,0.7,enables,43,44
event/29b98e15,event/ef260e7f,CAUSES,0.8,causes,44,45
event/29b98e15,event/39383d63,CAUSES,0.8,enables,44,46
event/ef260e7f,event/39383d63,CAUSES,0.9,causes,45,46
event/ef260e7f,event/dc1c4db7,CAUSES,0.7,enables,45,47
event/39383d63,event/dc1c4db7,CAUSES,0.7,enables,46,47
event/39383d63,event/bfc4996a,CAUSES,0.7,enables,46,48
event/ef260e7f,event/3234b359,CAUSES,0.7,enables,45,49
event/39383d63,event/3234b359,CAUSES,0.7,enables,46,49
event/3234b359,event/0955ebe9,CAUSES,0.8,causes,49,50
event/3234b359,event/b29154ce,CAUSES,0.8,causes,49,51
event/0955ebe9,event/b29154ce,CAUSES,0.9,causes,50,51
event/b29154ce,event/e2e58665,CAUSES,0.8,causes,51,52
event/3234b359,event/0e132653,CAUSES,0.8,causes,49,53
event/0955ebe9,event/0e132653,CAUSES,0.8,causes,50,53
event/b29154ce,event/0e132653,CAUSES,0.7,causes,51,53
event/0e132653,event/1dbf1319,CAUSES,0.8,causes,53,54
event/0e132653,event/eb6538f2,CAUSES,0.8,causes,53,55
event/1dbf1319,event/eb6538f2,CAUSES,0.8,causes,54,55
event/1dbf1319,event/6069af80,CAUSES,0.7,causes,54,56
event/eb6538f2,event/939dafad,CAUSES,0.7,causes,55,57
event/644dcda9,event/39995f8c,CAUSES,0.7,causes,58,59
event/644dcda9,event/b81ebe7d,CAUSES,0.7,causes,58,60
event/644dcda9,event/6c374691,CAUSES,0.7,causes,58,61
event/644dcda9,event/10486b5f,CAUSES,0.8,causes,58,62
event/10486b5f,event/6d387e29,CAUSES,0.7,causes,62,64
event/b2549a1a,event/6d387e29,CAUSES,0.8,causes,63,64
event/6c374691,event/0a46728b,CAUSES,0.8,causes,61,65
event/0a46728b,event/88cda2a4,CAUSES,0.7,enables,65,66
event/88cda2a4,event/b8fab9df,CAUSES,0.7,causes,66,68
event/3d8fb3c8,event/b8fab9df,CAUSES,0.7,aggravates,67,68
event/88cda2a4,event/1f25b915,CAUSES,0.7,enables,66,69
event/3d8fb3c8,event/1f25b915,CAUSES,0.7,enables,67,69
event/b8fab9df,event/1f25b915,CAUSES,0.8,causes,68,69
event/3d8fb3c8,event/5c54482e,CAUSES,0.7,prevents,67,70
event/b8fab9df,event/5c54482e,CAUSES,0.8,causes,68,70
event/1f25b915,event/5c54482e,CAUSES,0.7,prevents,69,70
event/1f25b915,event/b41c8c82,CAUSES,0.7,causes,69,73
event/5c54482e,event/b41c8c82,CAUSES,0.7,enables,70,73
event/d83edcc9,event/b41c8c82,CAUSES,0.8,causes,71,73
event/b2396505,event/b41c8c82,CAUSES,0.8,causes,72,73
event/5c54482e,event/21f317dd,CAUSES,0.7,enables,70,74
event/b41c8c82,event/21f317dd,CAUSES,0.8,causes,73,74
event/21f317dd,event/20c80b9b,CAUSES,0.8,causes,74,75
event/b41c8c82,event/adb67339,CAUSES,0.7,causes,73,76
event/21f317dd,event/adb67339,CAUSES,0.7,enables,74,76
event/026590ab,event/fd21e680,CAUSES,0.7,enables,91,93
event/2272f9cb,event/fd21e680,CAUSES,0.7,enables,92,93
event/026590ab,event/e94199a5,CAUSES,0.7,causes,91,94
event/2272f9cb,event/e94199a5,CAUSES,0.7,causes,92,94
event/fd21e680,event/e94199a5,CAUSES,0.8,causes,93,94
event/026590ab,event/f1847d74,CAUSES,0.7,causes,91,95
event/2272f9cb,event/f1847d74,CAUSES,0.7,causes,92,95
event/fd21e680,event/f1847d74,CAUSES,0.8,causes,93,95
event/e94199a5,event/f1847d74,CAUSES,0.8,causes,94,95
event/2272f9cb,event/b6fa0850,CAUSES,0.7,causes,92,96
event/fd21e680,event/b6fa0850,CAUSES,0.8,causes,93,96
event/e94199a5,event/b6fa0850,CAUSES,0.8,causes,94,96
event/f1847d74,event/b6fa0850,CAUSES,0.8,causes,95,96
event/fd21e680,event/bd0345f2,CAUSES,0.7,enables,93,97
event/e94199a5,event/b1245261,CAUSES,0.7,enables,94,98
event/f1847d74,event/b1245261,CAUSES,0.7,enables,95,98
event/b6fa0850,event/b1245261,CAUSES,0.8,causes,96,98
event/b6fa0850,event/6ab660b4,CAUSES,0.8,causes,96,100
event/bd0345f2,event/6ab660b4,CAUSES,0.7,causes,97,100
event/b1245261,event/6ab660b4,CAUSES,0.8,causes,98,100
event/bd0345f2,event/35e43d82,CAUSES,0.7,causes,97,101
event/1043e9b9,event/9c646337,CAUSES,0.7,enables,99,102
event/1043e9b9,event/a5e049ec,CAUSES,0.8,enables,99,103
event/6ab660b4,event/a5e049ec,CAUSES,0.7,enables,100,103
event/6ab660b4,event/98b31acb,CAUSES,0.7,enables,100,104
event/35e43d82,event/98b31acb,CAUSES,0.7,enables,101,104
event/9c646337,event/98b31acb,CAUSES,0.7,enables,102,104
event/a5e049ec,event/98b31acb,CAUSES,0.7,enables,103,104
event/9c646337,event/25b7f29c,CAUSES,0.7,enables,102,105
event/a5e049ec,event/25b7f29c,CAUSES,0.7,enables,103,105
event/98b31acb,event/25b7f29c,CAUSES,0.8,causes,104,105
event/9c646337,event/f8c37c13,CAUSES,0.8,causes,102,106
event/a5e049ec,event/f8c37c13,CAUSES,0.7,enables,103,106
event/25b7f29c,event/f8c37c13,CAUSES,0.8,causes,105,106
event/f8c37c13,event/ab2f9af3,CAUSES,0.7,causes,106,109
event/fa60c043,event/ab2f9af3,CAUSES,0.8,causes,108,109
event/78b029ef,event/aaf675bf,CAUSES,0.8,causes,107,110
event/fa60c043,event/aaf675bf,CAUSES,0.8,causes,108,110
event/ab2f9af3,event/aaf675bf,CAUSES,0.7,causes,109,110
event/78b029ef,event/c5f68ab5,CAUSES,0.8,causes,107,111
event/ab2f9af3,event/c5f68ab5,CAUSES,0.7,causes,109,111
event/aaf675bf,event/c5f68ab5,CAUSES,0.8,enables,110,111
event/c5f68ab5,event/4c8086cc,CAUSES,0.7,prevents,111,112
event/ab2f9af3,event/8bbcb046,CAUSES,0.7,enables,109,113
event/aaf675bf,event/8bbcb046,CAUSES,0.7,enables,110,113
event/c5f68ab5,event/8bbcb046,CAUSES,0.8,causes,111,113
event/4c8086cc,event/8bbcb046,CAUSES,0.8,prevents,112,113
event/7b7f116e,event/6d770aff,CAUSES,0.8,causes,114,116
event/7b7f116e,event/a9316665,CAUSES,0.8,causes,114,117
event/6d770aff,event/a9316665,CAUSES,0.9,causes,116,117
event/7b7f116e,event/12f990a3,CAUSES,0.8,causes,114,118
event/63188e73,event/12f990a3,CAUSES,0.8,causes,115,118
event/6d770aff,event/12f990a3,CAUSES,0.7,causes,116,118
event/6d770aff,event/45d93c41,CAUSES,0.7,enables,116,119
event/12f990a3,event/45dfc95e,CAUSES,0.8,causes,118,120
event/45d93c41,event/45dfc95e,CAUSES,0.8,causes,119,120
event/a9316665,event/414935bb,CAUSES,0.8,prevents,117,121
event/12f990a3,event/414935bb,CAUSES,0.8,causes,118,121
event/45d93c41,event/414935bb,CAUSES,0.8,causes,119,121
event/45dfc95e,event/414935bb,CAUSES,0.8,prevents,120,121
event/45d93c41,event/134721c4,CAUSES,0.7,enables,119,122
event/45dfc95e,event/134721c4,CAUSES,0.7,enables,120,122
event/414935bb,event/134721c4,CAUSES,0.7,prevents,121,122
event/414935bb,event/6ec75179,CAUSES,0.8,prevents,121,123
event/134721c4,event/6ec75179,CAUSES,0.7,enables,122,123
event/414935bb,event/91a2015c,CAUSES,0.8,causes,121,124
event/134721c4,event/91a2015c,CAUSES,0.7,enables,122,124
event/6ec75179,event/91a2015c,CAUSES,0.8,enables,123,124
event/134721c4,event/9dcaceaf,CAUSES,0.7,enables,122,125
event/91a2015c,event/9dcaceaf,CAUSES,0.7,enables,124,125
event/9dcaceaf,event/cbccc207,CAUSES,0.7,prevents,125,127
event/ed641d86,event/cbccc207,CAUSES,0.6,prevents,126,127
event/9dcaceaf,event/ea98ffeb,CAUSES,0.7,enables,125,128
event/cbccc207,event/ea98ffeb,CAUSES,0.7,enables,127,128
event/cbccc207,event/fcd352a8,CAUSES,0.7,enables,127,129
event/ea98ffeb,event/fcd352a8,CAUSES,0.8,causes,128,129
event/ed641d86,event/5a287957,CAUSES,0.7,enables,126,130
event/ea98ffeb,event/5a287957,CAUSES,0.8,causes,128,130
event/fcd352a8,event/5a287957,CAUSES,0.7,enables,129,130
event/cbccc207,event/44414d07,CAUSES,0.7,enables,127,131
event/ea98ffeb,event/44414d07,CAUSES,0.8,enables,128,131
event/fcd352a8,event/44414d07,CAUSES,0.7,enables,129,131
event/5a287957,event/44414d07,CAUSES,0.7,enables,130,131
event/ea98ffeb,event/a1c3efae,CAUSES,0.7,enables,128,132
event/5a287957,event/a1c3efae,CAUSES,0.7,enables,130,132
event/44414d07,event/a1c3efae,CAUSES,0.7,enables,131,132
event/fcd352a8,event/258a68bb,CAUSES,0.7,causes,129,133
event/a1c3efae,event/258a68bb,CAUSES,0.8,causes,132,133
event/5a287957,event/98944448,CAUSES,0.7,prevents,130,134
event/44414d07,event/98944448,CAUSES,0.7,prevents,131,134
event/a1c3efae,event/98944448,CAUSES,0.8,prevents,132,134
event/258a68bb,event/98944448,CAUSES,0.8,prevents,133,134
event/a1c3efae,event/f7fc8959,CAUSES,0.7,aggravates,132,135
event/258a68bb,event/f7fc8959,CAUSES,0.8,causes,133,135
event/98944448,event/f7fc8959,CAUSES,0.8,prevents,134,135
event/98944448,event/0cf6fb65,CAUSES,0.8,prevents,134,136
event/0cf6fb65,event/ee4ae9ef,CAUSES,0.8,enables,136,137
event/0cf6fb65,event/3b3ed8d2,CAUSES,0.7,enables,136,138
event/ee4ae9ef,event/3b3ed8d2,CAUSES,0.7,enables,137,138
event/f7fc8959,event/708a6c3a,CAUSES,0.7,enables,135,139
event/ee4ae9ef,event/708a6c3a,CAUSES,0.8,enables,137,139
event/3b3ed8d2,event/708a6c3a,CAUSES,0.7,enables,138,139
event/ee4ae9ef,event/a3ef9b29,CAUSES,0.7,enables,137,141
event/3b3ed8d2,event/ee77e2a4,CAUSES,0.7,enables,138,142
event/12eb7f92,event/ee77e2a4,CAUSES,0.7,enables,140,142
event/12eb7f92,event/d6b65c53,CAUSES,0.7,enables,140,143
event/74ab8089,event/9214af0c,CAUSES,0.8,causes,147,148
event/9214af0c,event/607b0da7,CAUSES,0.8,causes,148,149
event/9214af0c,event/d5ccf5d2,CAUSES,0.7,causes,148,150
event/607b0da7,event/d5ccf5d2,CAUSES,0.7,causes,149,150
event/d5ccf5d2,event/c3fbefdb,CAUSES,0.7,enables,150,152
event/c3fbefdb,event/556cc8e5,CAUSES,0.7,enables,152,153
event/c3fbefdb,event/32f7fa01,CAUSES,0.7,causes,152,154
event/32f7fa01,event/4868595d,CAUSES,0.7,causes,154,155
event/c3fbefdb,event/cab12820,CAUSES,0.8,causes,152,156
event/556cc8e5,event/cab12820,CAUSES,0.7,causes,153,156
event/556cc8e5,event/a5845b01,CAUSES,0.7,enables,153,157
event/4868595d,event/a5845b01,CAUSES,0.8,causes,155,157
event/a5845b01,event/d7448808,CAUSES,0.8,causes,157,158
event/a5845b01,event/a40d446a,CAUSES,0.7,enables,157,159
event/d7448808,event/a40d446a,CAUSES,0.9,causes,158,159
event/a5845b01,event/15d48b52,CAUSES,0.8,causes,157,160
event/d7448808,event/15d48b52,CAUSES,0.8,enables,158,160
event/a40d446a,event/15d48b52,CAUSES,0.8,causes,159,160
event/d7448808,event/71c6feef,CAUSES,0.7,enables,158,161
event/71c6feef,event/f6d8aaae,CAUSES,0.8,causes,161,162
event/71c6feef,event/ec5b5a31,CAUSES,0.7,enables,161,163
event/f6d8aaae,event/ec5b5a31,CAUSES,0.8,enables,162,163
event/15d48b52,event/3d072757,CAUSES,0.8,causes,160,164
event/71c6feef,event/3d072757,CAUSES,0.7,enables,161,164
event/71c6feef,event/e779a860,CAUSES,0.8,causes,161,165
event/ec5b5a31,event/e779a860,CAUSES,0.7,enables,163,165
event/a1455922,event/729f70c4,CAUSES,0.8,enables,168,169
event/729f70c4,event/d0ad7f45,CAUSES,0.7,enables,169,171
event/20ff9b8d,event/d0ad7f45,CAUSES,0.8,causes,170,171
event/8e6c9c96,event/1d65a2f1,CAUSES,0.7,enables,172,175
event/8e6c9c96,event/1d1ae5ce,CAUSES,0.7,enables,172,176
event/f4cbbbee,event/1d1ae5ce,CAUSES,0.7,enables,173,176
event/c4d0c001,event/1d1ae5ce,CAUSES,0.7,enables,174,176
event/1d65a2f1,event/1d1ae5ce,CAUSES,0.8,causes,175,176
event/c4d0c001,event/4cdbeff8,CAUSES,0.7,aggravates,174,177
event/1d1ae5ce,event/29051fe7,CAUSES,0.7,enables,176,178
event/1d1ae5ce,event/2d922087,CAUSES,0.7,enables,176,179
event/1d1ae5ce,event/1407723d,CAUSES,0.6,enables,176,180
event/29051fe7,event/1407723d,CAUSES,0.7,enables,178,180
event/4cdbeff8,event/9665d1c2,CAUSES,0.8,causes,177,181
event/29051fe7,event/9665d1c2,CAUSES,0.8,causes,178,181
event/1407723d,event/9665d1c2,CAUSES,0.8,causes,180,181
event/1407723d,event/a71195fc,CAUSES,0.7,enables,180,182
event/a71195fc,event/493f569a,CAUSES,0.7,causes,182,183
event/9665d1c2,event/a65a55ee,CAUSES,0.8,causes,181,184
event/9665d1c2,event/c7b76578,CAUSES,0.7,aggravates,181,185
event/a65a55ee,event/85a7ba36,CAUSES,0.8,causes,184,186
event/a65a55ee,event/bef2006c,CAUSES,0.8,causes,184,187
event/85a7ba36,event/bef2006c,CAUSES,0.8,causes,186,187
event/bef2006c,event/c8380cde,CAUSES,0.7,enables,187,189
event/5208ee0a,event/c8380cde,CAUSES,0.7,enables,188,189
event/85a7ba36,event/1792926f,CAUSES,0.8,causes,186,190
event/5208ee0a,event/1792926f,CAUSES,0.8,causes,188,190
event/c8380cde,event/1792926f,CAUSES,0.8,causes,189,190
event/c8380cde,event/6d1a5548,CAUSES,0.7,enables,189,192
event/1792926f,event/6d1a5548,CAUSES,0.8,causes,190,192
event/c8380cde,event/eda9e21b,CAUSES,0.7,enables,189,193
event/1792926f,event/eda9e21b,CAUSES,0.7,causes,190,193
event/6357b33f,event/eda9e21b,CAUSES,0.7,enables,191,193
event/1792926f,event/fd88735f,CAUSES,0.7,causes,190,194
event/6d1a5548,event/fd88735f,CAUSES,0.8,causes,192,194
event/6357b33f,event/972ab49a,CAUSES,0.7,enables,191,195
event/6d1a5548,event/972ab49a,CAUSES,0.7,enables,192,195
event/fd88735f,event/972ab49a,CAUSES,0.7,enables,194,195
event/fd88735f,event/ba1298ba,CAUSES,0.7,causes,194,197
event/972ab49a,event/ba1298ba,CAUSES,0.6,enables,195,197
event/b66493ff,event/ba1298ba,CAUSES,0.7,causes,196,197
event/6480b3ed,event/0f67f86e,CAUSES,0.8,causes,198,200
event/d380c0d3,event/2861d7b4,CAUSES,0.7,causes,201,203
event/92fd38f6,event/2861d7b4,CAUSES,0.7,causes,202,203
event/d380c0d3,event/287024eb,CAUSES,0.7,enables,201,205
event/92fd38f6,event/287024eb,CAUSES,0.8,causes,202,205
event/287024eb,event/c6cb11a4,CAUSES,0.6,enables,205,206
event/287024eb,event/bf922cd6,CAUSES,0.7,enables,205,207
event/c6cb11a4,event/bf922cd6,CAUSES,0.7,enables,206,207
event/287024eb,event/b12b4355,CAUSES,0.7,enables,205,208
event/c6cb11a4,event/b12b4355,CAUSES,0.7,enables,206,208
event/bf922cd6,event/b12b4355,CAUSES,0.7,enables,207,208
event/c6cb11a4,event/cbea3374,CAUSES,0.7,causes,206,209
event/c6cb11a4,event/e689cd03,CAUSES,0.7,enables,206,210
event/bf922cd6,event/e689cd03,CAUSES,0.7,enables,207,210
event/b12b4355,event/e689cd03,CAUSES,0.7,enables,208,210
event/cbea3374,event/e689cd03,CAUSES,0.7,enables,209,210
event/b12b4355,event/d83a46b9,CAUSES,0.7,enables,208,211
event/e689cd03,event/d83a46b9,CAUSES,0.8,causes,210,211
event/3014e046,event/4e9092e4,CAUSES,0.8,enables,220,221
event/3014e046,event/8cb94b5a,CAUSES,0.7,enables,220,222
event/4e9092e4,event/8cb94b5a,CAUSES,0.7,enables,221,222
event/3014e046,event/5b16b5ce,CAUSES,0.7,enables,220,223
event/5b16b5ce,event/2468f86d,CAUSES,0.8,causes,223,224
event/8fcb03be,event/182adde4,CAUSES,0.8,enables,226,230
event/7af51285,event/182adde4,CAUSES,0.7,enables,227,230
event/182adde4,event/6b36043e,CAUSES,0.7,aggravates,230,232
event/4bb1b0e9,event/6b36043e,CAUSES,0.7,causes,231,232
event/182adde4,event/546a7211,CAUSES,0.7,aggravates,230,233
event/4bb1b0e9,event/6ec192f1,CAUSES,0.8,causes,231,235
event/c1443478,event/6ec192f1,CAUSES,0.8,causes,234,235
event/546a7211,event/9e32d83b,CAUSES,0.7,causes,233,237
event/1cdda816,event/cd7024f8,CAUSES,0.8,causes,236,238
event/9e32d83b,event/cd7024f8,CAUSES,0.8,causes,237,238
event/9e32d83b,event/d7a156b9,CAUSES,0.8,causes,237,239
event/cd7024f8,event/d7a156b9,CAUSES,0.8,causes,238,239
event/1cdda816,event/5820cb5f,CAUSES,0.7,enables,236,240
event/9e32d83b,event/5820cb5f,CAUSES,0.7,enables,237,240
event/cd7024f8,event/9a79db18,CAUSES,0.8,causes,238,242
event/d7a156b9,event/9a79db18,CAUSES,0.8,causes,239,242
event/4b2adb39,event/54b4b7ef,CAUSES,0.8,prevents,244,245
event/4b2adb39,event/80bcff2f,CAUSES,0.7,aggravates,244,247
event/80bcff2f,event/3af4c627,CAUSES,0.8,causes,247,248
event/80bcff2f,event/286db557,CAUSES,0.7,enables,247,249
event/3af4c627,event/286db557,CAUSES,0.8,causes,248,249
event/286db557,event/2641d655,CAUSES,0.7,enables,249,250
event/80bcff2f,event/ce7661c5,CAUSES,0.7,enables,247,251
event/3af4c627,event/ce7661c5,CAUSES,0.7,enables,248,251
event/80f66b45,event/24cc3b55,CAUSES,0.7,prevents,252,253
event/80f66b45,event/713f7e26,CAUSES,0.8,causes,252,254
event/24cc3b55,event/713f7e26,CAUSES,0.8,causes,253,254
event/ce7661c5,event/7f6a0a71,CAUSES,0.8,enables,251,255
event/80f66b45,event/7f6a0a71,CAUSES,0.7,enables,252,255
event/24cc3b55,event/7f6a0a71,CAUSES,0.7,enables,253,255
event/713f7e26,event/7f6a0a71,CAUSES,0.8,enables,254,255
event/80f66b45,event/5601e590,CAUSES,0.8,causes,252,256
event/24cc3b55,event/5601e590,CAUSES,0.8,causes,253,256
event/713f7e26,event/5601e590,CAUSES,0.8,causes,254,256
event/713f7e26,event/e4ce06c6,CAUSES,0.7,enables,254,257
event/7f6a0a71,event/e4ce06c6,CAUSES,0.7,enables,255,257
event/5601e590,event/e4ce06c6,CAUSES,0.8,causes,256,257
event/713f7e26,event/58a1c521,CAUSES,0.8,causes,254,258
event/e4ce06c6,event/58a1c521,CAUSES,0.8,causes,257,258
event/e4ce06c6,event/65147d87,CAUSES,0.7,enables,257,259
event/58a1c521,event/65147d87,CAUSES,0.8,enables,258,259
event/5601e590,event/9e105ab6,CAUSES,0.8,causes,256,260
event/e4ce06c6,event/9e105ab6,CAUSES,0.8,causes,257,260
event/65147d87,event/9e105ab6,CAUSES,0.8,causes,259,260
event/9e105ab6,event/d191f21a,CAUSES,0.8,causes,260,261
event/58a1c521,event/a606a00e,CAUSES,0.7,causes,258,262
event/65147d87,event/a606a00e,CAUSES,0.7,aggravates,259,262
event/9e105ab6,event/a606a00e,CAUSES,0.8,causes,260,262
event/d191f21a,event/a606a00e,CAUSES,0.8,causes,261,262
event/65147d87,event/2ad7e6e4,CAUSES,0.8,prevents,259,263
event/a606a00e,event/2ad7e6e4,CAUSES,0.8,causes,262,263
event/a606a00e,event/51405c2b,CAUSES,0.8,causes,262,266
event/2ad7e6e4,event/51405c2b,CAUSES,0.8,causes,263,266
event/d468756c,event/51405c2b,CAUSES,0.7,causes,264,266
event/e447bd50,event/51405c2b,CAUSES,0.7,causes,265,266
event/51405c2b,event/1942c852,CAUSES,0.7,causes,266,269
event/ed876015,event/1942c852,CAUSES,0.7,causes,267,269
event/eb9e6724,event/1942c852,CAUSES,0.8,causes,268,269
event/1942c852,event/b95469d0,CAUSES,0.8,enables,269,270
event/1942c852,event/17d309d5,CAUSES,0.8,enables,269,271
event/b95469d0,event/17d309d5,CAUSES,0.7,causes,270,271
event/1942c852,event/866fa1fb,CAUSES,0.8,prevents,269,272
event/1942c852,event/a6680397,CAUSES,0.8,prevents,269,273
event/b95469d0,event/a6680397,CAUSES,0.8,causes,270,273
event/17d309d5,event/a6680397,CAUSES,0.8,causes,271,273
event/2a655d8f,event/6976eb28,CAUSES,0.7,enables,279,283
event/14635d38,event/6976eb28,CAUSES,0.7,causes,280,283
event/2d31f8be,event/6976eb28,CAUSES,0.8,causes,281,283
event/84691080,event/6976eb28,CAUSES,0.7,causes,282,283
event/14635d38,event/cada4fe9,CAUSES,0.7,enables,280,284
event/2d31f8be,event/cada4fe9,CAUSES,0.7,enables,281,284
event/6976eb28,event/cada4fe9,CAUSES,0.8,causes,283,284
event/2d31f8be,event/1a42b9fd,CAUSES,0.8,causes,281,285
event/84691080,event/1a42b9fd,CAUSES,0.8,causes,282,285
event/6976eb28,event/1a42b9fd,CAUSES,0.8,causes,283,285
event/cada4fe9,event/1a42b9fd,CAUSES,0.7,causes,284,285
event/1a42b9fd,event/69187078,CAUSES,0.7,aggravates,285,289
event/32218011,event/69187078,CAUSES,0.8,causes,287,289
event/08a60377,event/a9cec915,CAUSES,0.7,enables,291,292
event/08a60377,event/35aed3fa,CAUSES,0.7,enables,291,293
event/a9cec915,event/35aed3fa,CAUSES,0.7,enables,292,293
event/08a60377,event/b52dd92a,CAUSES,0.7,enables,291,295
event/a9cec915,event/b52dd92a,CAUSES,0.7,enables,292,295
event/35aed3fa,event/b52dd92a,CAUSES,0.7,enables,293,295
event/35aed3fa,event/c08cbab4,CAUSES,0.7,enables,293,296
event/5cbcba8c,event/1a87ea2f,CAUSES,0.7,enables,297,298
event/1a87ea2f,event/f17fea22,CAUSES,0.8,causes,298,301
event/425f587d,event/f17fea22,CAUSES,0.7,causes,300,301
event/1a87ea2f,event/30b185a5,CAUSES,0.7,enables,298,302
event/f17fea22,event/30b185a5,CAUSES,0.7,enables,301,302
event/8bc02174,event/ffc18e89,CAUSES,0.7,enables,299,303
event/30b185a5,event/ffc18e89,CAUSES,0.9,causes,302,303
event/425f587d,event/aedeeafd,CAUSES,0.7,enables,300,304
event/30b185a5,event/aedeeafd,CAUSES,0.7,enables,302,304
event/ffc18e89,event/aedeeafd,CAUSES,0.7,enables,303,304
event/30b185a5,event/d1b15417,CAUSES,0.7,enables,302,305
event/ffc18e89,event/d1b15417,CAUSES,0.7,enables,303,305
event/aedeeafd,event/d1b15417,CAUSES,0.8,causes,304,305
event/30b185a5,event/59e0ec3b,CAUSES,0.7,causes,302,306
event/aedeeafd,event/59e0ec3b,CAUSES,0.8,causes,304,306
event/ffc18e89,event/d095771f,CAUSES,0.7,enables,303,307
event/aedeeafd,event/d095771f,CAUSES,0.7,enables,304,307
event/59e0ec3b,event/d095771f,CAUSES,0.8,enables,306,307
event/aedeeafd,event/8f182399,CAUSES,0.8,causes,304,308
event/d1b15417,event/8f182399,CAUSES,0.7,causes,305,308
event/59e0ec3b,event/8f182399,CAUSES,0.8,causes,306,308
event/d095771f,event/8f182399,CAUSES,0.8,causes,307,308
event/8f182399,event/d21e4af0,CAUSES,0.9,causes,308,310
event/9919f1c2,event/8bfc8e78,CAUSES,0.7,prevents,311,312
event/aaeca2d3,event/40f93a16,CAUSES,0.7,enables,309,313
event/d21e4af0,event/40f93a16,CAUSES,0.7,enables,310,313
event/9919f1c2,event/40f93a16,CAUSES,0.8,causes,311,313
event/8bfc8e78,event/40f93a16,CAUSES,0.7,prevents,312,313
event/8bfc8e78,event/74510a43,CAUSES,0.7,prevents,312,314
event/40f93a16,event/74510a43,CAUSES,0.7,enables,313,314
event/40f93a16,event/4d71a1df,CAUSES,0.7,enables,313,315
event/74510a43,event/4d71a1df,CAUSES,0.7,enables,314,315
event/40f93a16,event/0a56aa3f,CAUSES,0.7,enables,313,316
event/40f93a16,event/2c2f6eaa,CAUSES,0.7,enables,313,317
event/4d71a1df,event/2c2f6eaa,CAUSES,0.7,prevents,315,317
event/0a56aa3f,event/2c2f6eaa,CAUSES,0.8,prevents,316,317
event/74510a43,event/bf9bea97,CAUSES,0.8,causes,314,318
event/4d71a1df,event/bf9bea97,CAUSES,0.7,causes,315,318
event/0a56aa3f,event/bf9bea97,CAUSES,0.8,causes,316,318
event/2c2f6eaa,event/bf9bea97,CAUSES,0.8,causes,317,318
event/4d71a1df,event/068bb4ad,CAUSES,0.7,aggravates,315,319
event/bf9bea97,event/068bb4ad,CAUSES,0.8,causes,318,319
event/068bb4ad,event/c731b4d3,CAUSES,0.8,causes,319,320
event/bf9bea97,event/9f51f640,CAUSES,0.7,enables,318,321
event/c731b4d3,event/9f51f640,CAUSES,0.8,causes,320,321
event/bf9bea97,event/c08378f1,CAUSES,0.7,aggravates,318,322
event/068bb4ad,event/c08378f1,CAUSES,0.7,aggravates,319,322
event/c731b4d3,event/c08378f1,CAUSES,0.7,aggravates,320,322
event/9f51f640,event/c08378f1,CAUSES,0.7,aggravates,321,322
event/068bb4ad,event/70a7186f,CAUSES,0.7,aggravates,319,323
event/c731b4d3,event/70a7186f,CAUSES,0.7,enables,320,323
event/c08378f1,event/70a7186f,CAUSES,0.7,aggravates,322,323
event/c08378f1,event/0847369c,CAUSES,0.7,aggravates,322,324
event/70a7186f,event/0847369c,CAUSES,0.7,enables,323,324
event/70a7186f,event/83801a5b,CAUSES,0.7,enables,323,325
event/0847369c,event/83801a5b,CAUSES,0.7,enables,324,325
event/c08378f1,event/6dccfec1,CAUSES,0.7,enables,322,326
event/70a7186f,event/6dccfec1,CAUSES,0.7,enables,323,326
event/0847369c,event/6dccfec1,CAUSES,0.7,enables,324,326
event/83801a5b,event/6dccfec1,CAUSES,0.7,enables,325,326
event/70a7186f,event/fcdd4e38,CAUSES,0.8,causes,323,327
event/0847369c,event/fcdd4e38,CAUSES,0.8,causes,324,327
event/83801a5b,event/fcdd4e38,CAUSES,0.8,causes,325,327
event/6dccfec1,event/fcdd4e38,CAUSES,0.8,causes,326,327
event/83801a5b,event/9bee7f60,CAUSES,0.8,enables,325,328
event/6dccfec1,event/9bee7f60,CAUSES,0.7,enables,326,328
event/fcdd4e38,event/9bee7f60,CAUSES,0.7,enables,327,328
event/fcdd4e38,event/c37c18ca,CAUSES,0.8,causes,327,331
event/9bee7f60,event/c37c18ca,CAUSES,0.7,enables,328,331
event/9bee7f60,event/87b92965,CAUSES,0.7,enables,328,332
event/c37c18ca,event/87b92965,CAUSES,0.8,enables,331,332
event/c37c18ca,event/bb934a40,CAUSES,0.7,enables,331,333
event/87b92965,event/bb934a40,CAUSES,0.7,enables,332,333
event/c37c18ca,event/9e7f0f14,CAUSES,0.8,causes,331,335
event/bb934a40,event/9e7f0f14,CAUSES,0.8,causes,333,335
event/bb934a40,event/d81a59ff,CAUSES,0.7,causes,333,336
event/26258ff5,event/d81a59ff,CAUSES,0.7,causes,334,336
event/26258ff5,event/d292eaa3,CAUSES,0.7,enables,334,337
event/26258ff5,event/c8014bd0,CAUSES,0.7,causes,334,338
event/d81a59ff,event/c8014bd0,CAUSES,0.7,causes,336,338
event/d81a59ff,event/06136c7f,CAUSES,0.7,causes,336,339
event/d292eaa3,event/06136c7f,CAUSES,0.8,causes,337,339
event/d81a59ff,event/75d58625,CAUSES,0.7,causes,336,340
event/d292eaa3,event/75d58625,CAUSES,0.7,causes,337,340
event/06136c7f,event/75d58625,CAUSES,0.8,causes,339,340
event/d292eaa3,event/cdd959f8,CAUSES,0.7,causes,337,341
event/06136c7f,event/cdd959f8,CAUSES,0.8,causes,339,341
event/75d58625,event/cdd959f8,CAUSES,0.7,enables,340,341
event/06136c7f,event/e15c231c,CAUSES,0.7,enables,339,342
event/06136c7f,event/a96a86d3,CAUSES,0.7,enables,339,343
event/75d58625,event/a96a86d3,CAUSES,0.7,enables,340,343
event/cdd959f8,event/a96a86d3,CAUSES,0.7,enables,341,343
event/e15c231c,event/a96a86d3,CAUSES,0.7,enables,342,343
event/e15c231c,event/6f193ab3,CAUSES,0.7,prevents,342,345
event/1be835b4,event/6f193ab3,CAUSES,0.8,causes,344,345
event/1be835b4,event/9d1c16af,CAUSES,0.8,causes,344,346
event/6f193ab3,event/9d1c16af,CAUSES,0.8,causes,345,346
event/a96a86d3,event/d0f164bb,CAUSES,0.7,enables,343,347
event/1be835b4,event/d0f164bb,CAUSES,0.8,causes,344,347
event/6f193ab3,event/d0f164bb,CAUSES,0.7,enables,345,347
event/1be835b4,event/f5a61f5d,CAUSES,0.7,causes,344,348
event/6f193ab3,event/f5a61f5d,CAUSES,0.7,enables,345,348
event/9d1c16af,event/f5a61f5d,CAUSES,0.7,enables,346,348
event/d0f164bb,event/f5a61f5d,CAUSES,0.8,causes,347,348
event/9d1c16af,event/da6c970e,CAUSES,0.7,causes,346,349
event/d0f164bb,event/da6c970e,CAUSES,0.8,causes,347,349
event/d0f164bb,event/b9c6d01d,CAUSES,0.8,causes,347,350
event/d0f164bb,event/d213a01c,CAUSES,0.7,enables,347,351
event/f5a61f5d,event/d213a01c,CAUSES,0.8,causes,348,351
event/d213a01c,event/ab1b0d2a,CAUSES,0.8,causes,351,352
event/d213a01c,event/e425d5fc,CAUSES,0.7,prevents,351,353
event/ab1b0d2a,event/e425d5fc,CAUSES,0.7,prevents,352,353
event/e425d5fc,event/40ae070b,CAUSES,0.7,prevents,353,354
event/e425d5fc,event/733bf0f1,CAUSES,0.7,prevents,353,355
event/733bf0f1,event/f9072e74,CAUSES,0.7,aggravates,355,356
event/40ae070b,event/c815b28e,CAUSES,0.7,causes,354,357
event/f9072e74,event/c815b28e,CAUSES,0.8,causes,356,357
event/733bf0f1,event/6cf43197,CAUSES,0.7,causes,355,358
event/733bf0f1,event/31a2e183,CAUSES,0.7,causes,355,359
event/6cf43197,event/75273011,CAUSES,0.7,aggravates,358,362
event/75273011,event/cebdd15e,CAUSES,0.8,causes,362,363
event/75273011,event/cccea1cb,CAUSES,0.8,causes,362,364
event/cebdd15e,event/cccea1cb,CAUSES,0.8,causes,363,364
event/cccea1cb,event/ae4abe2f,CAUSES,0.7,causes,364,366
event/b934499e,event/ae4abe2f,CAUSES,0.8,causes,365,366
event/cebdd15e,event/577b2979,CAUSES,0.8,causes,363,367
event/ae4abe2f,event/577b2979,CAUSES,0.7,enables,366,367
event/ae4abe2f,event/10dfb239,CAUSES,0.7,causes,366,370
event/577b2979,event/10dfb239,CAUSES,0.8,causes,367,370
event/2d165024,event/e5012921,CAUSES,0.7,causes,368,371
event/10dfb239,event/e5012921,CAUSES,0.7,causes,370,371
event/c9f75c3b,event/1fa4a5f5,CAUSES,0.7,causes,369,372
event/1fa4a5f5,event/c0b7c827,CAUSES,0.7,enables,372,374
event/227a5c25,event/c0b7c827,CAUSES,0.8,enables,373,374
event/8bb032c4,event/8ca8dae1,CAUSES,0.7,enables,381,383
event/fd928cf2,event/8ca8dae1,CAUSES,0.7,causes,382,383
event/8bb032c4,event/51a151a3,CAUSES,0.7,prevents,381,385
event/fd928cf2,event/51a151a3,CAUSES,0.7,prevents,382,385
event/8ca8dae1,event/51a151a3,CAUSES,0.7,enables,383,385
event/72e57756,event/51a151a3,CAUSES,0.7,prevents,384,385
event/fa6103e4,event/c53493b9,CAUSES,0.8,causes,386,387
event/fa6103e4,event/d80333e8,CAUSES,0.8,causes,386,388
event/c53493b9,event/d80333e8,CAUSES,0.8,causes,387,388
event/51a151a3,event/7a1e1cce,CAUSES,0.7,enables,385,389
event/c53493b9,event/7a1e1cce,CAUSES,0.7,enables,387,389
event/d80333e8,event/7a1e1cce,CAUSES,0.7,causes,388,389
event/d80333e8,event/0518056f,CAUSES,0.7,causes,388,390
event/7a1e1cce,event/80d4c028,CAUSES,0.8,causes,389,391
event/0518056f,event/80d4c028,CAUSES,0.7,enables,390,391
event/d80333e8,event/c999eef3,CAUSES,0.8,causes,388,392
event/0518056f,event/c999eef3,CAUSES,0.8,enables,390,392
event/80d4c028,event/c999eef3,CAUSES,0.7,enables,391,392
event/7a1e1cce,event/1d3ab765,CAUSES,0.7,enables,389,393
event/80d4c028,event/1d3ab765,CAUSES,0.7,causes,391,393
event/0518056f,event/8db9ac58,CAUSES,0.7,enables,390,394
event/80d4c028,event/8db9ac58,CAUSES,0.7,enables,391,394
event/c999eef3,event/8db9ac58,CAUSES,0.8,enables,392,394
event/80d4c028,event/8a149c82,CAUSES,0.7,causes,391,395
event/c999eef3,event/8a149c82,CAUSES,0.9,causes,392,395
event/c999eef3,event/ee2f96ef,CAUSES,0.8,causes,392,396
event/1d3ab765,event/ee2f96ef,CAUSES,0.7,enables,393,396
event/8db9ac58,event/ee2f96ef,CAUSES,0.8,causes,394,396
event/1d3ab765,event/4254a372,CAUSES,0.7,causes,393,397
event/8db9ac58,event/4254a372,CAUSES,0.8,causes,394,397
event/8a149c82,event/4254a372,CAUSES,0.8,causes,395,397
event/ee2f96ef,event/d03de82c,CAUSES,0.7,enables,396,398
event/8a149c82,event/41d51282,CAUSES,0.8,causes,395,399
event/ee2f96ef,event/41d51282,CAUSES,0.6,enables,396,399
event/4254a372,event/5bde1f4b,CAUSES,0.8,causes,397,400
event/41d51282,event/5bde1f4b,CAUSES,0.8,causes,399,400
event/41d51282,event/a67bc50b,CAUSES,0.7,causes,399,401
event/5bde1f4b,event/a67bc50b,CAUSES,0.8,causes,400,401
event/a67bc50b,event/250caca4,CAUSES,0.7,aggravates,401,402
event/a67bc50b,event/d0973e55,CAUSES,0.7,aggravates,401,403
event/a67bc50b,event/b7694ff0,CAUSES,0.7,aggravates,401,404
event/b7694ff0,event/7135c12a,CAUSES,0.7,enables,404,406
event/b7694ff0,event/fa551594,CAUSES,0.7,enables,404,407
event/8ae60664,event/fa551594,CAUSES,0.8,causes,405,407
event/b7694ff0,event/098690f8,CAUSES,0.7,enables,404,408
event/7135c12a,event/098690f8,CAUSES,0.7,causes,406,408
event/fa551594,event/098690f8,CAUSES,0.7,causes,407,408
event/8ae60664,event/59e8bd8e,CAUSES,0.7,enables,405,409
event/fa551594,event/59e8bd8e,CAUSES,0.7,enables,407,409
event/098690f8,event/59e8bd8e,CAUSES,0.7,enables,408,409
event/098690f8,event/b28c463e,CAUSES,0.8,prevents,408,411
event/59e8bd8e,event/b28c463e,CAUSES,0.7,enables,409,411
event/fcd28ebd,event/8692fe0e,CAUSES,0.7,enables,410,413
event/b28c463e,event/8692fe0e,CAUSES,0.7,enables,411,413
event/fe5d43f6,event/8692fe0e,CAUSES,0.7,enables,412,413
event/8692fe0e,event/dd336c4e,CAUSES,0.7,enables,413,414
event/b28c463e,event/8ec2d7eb,CAUSES,0.7,causes,411,415
event/fe5d43f6,event/8ec2d7eb,CAUSES,0.7,enables,412,415
event/8692fe0e,event/8ec2d7eb,CAUSES,0.7,enables,413,415
event/dd336c4e,event/8ec2d7eb,CAUSES,0.7,enables,414,415
event/fe5d43f6,event/93bc4c17,CAUSES,0.8,causes,412,416
event/8692fe0e,event/93bc4c17,CAUSES,0.8,causes,413,416
event/8ec2d7eb,event/93bc4c17,CAUSES,0.8,causes,415,416
event/dd336c4e,event/b6bd1c19,CAUSES,0.7,enables,414,417
event/dd336c4e,event/6e671178,CAUSES,0.7,enables,414,418
event/b6bd1c19,event/a0a198ee,CAUSES,0.6,enables,417,419
event/6e671178,event/a0a198ee,CAUSES,0.7,enables,418,419
event/1539703b,event/85a7b9be,CAUSES,0.7,causes,421,422
event/85a7b9be,event/dc788837,CAUSES,0.7,causes,422,423
event/1539703b,event/da1a30c4,CAUSES,0.7,enables,421,424
event/85a7b9be,event/da1a30c4,CAUSES,0.7,enables,422,424
event/1539703b,event/5ca92142,CAUSES,0.8,causes,421,425
event/da1a30c4,event/5ca92142,CAUSES,0.8,causes,424,425
event/cbae09b0,event/eb29e668,CAUSES,0.8,enables,427,428
event/cbae09b0,event/fb722d9e,CAUSES,0.7,enables,427,430
event/eb29e668,event/fb722d9e,CAUSES,0.7,enables,428,430
event/6b072e4e,event/fb722d9e,CAUSES,0.7,enables,429,430
event/fb722d9e,event/5d5a171e,CAUSES,0.7,causes,430,431
event/6b072e4e,event/c0f3f460,CAUSES,0.7,enables,429,432
event/fb722d9e,event/c0f3f460,CAUSES,0.7,causes,430,432
event/5d5a171e,event/c0f3f460,CAUSES,0.7,enables,431,432
event/fb722d9e,event/0a753fe7,CAUSES,0.7,causes,430,433
event/c0f3f460,event/0a753fe7,CAUSES,0.7,enables,432,433
event/0a753fe7,event/0321dd7c,CAUSES,0.7,enables,433,434
event/0a753fe7,event/2a97edb9,CAUSES,0.7,enables,433,436
event/f0ad4c88,event/bae94a32,CAUSES,0.7,causes,439,440
event/f0ad4c88,event/178d2244,CAUSES,0.7,enables,439,441
event/178d2244,event/5624c1a6,CAUSES,0.7,enables,441,444
event/47dc306f,event/5624c1a6,CAUSES,0.8,causes,443,444
event/47dc306f,event/54d2cc8c,CAUSES,0.8,causes,443,445
event/5624c1a6,event/54d2cc8c,CAUSES,0.8,enables,444,445
event/47dc306f,event/00df12e1,CAUSES,0.8,causes,443,446
event/54d2cc8c,event/283ed5f5,CAUSES,0.7,causes,445,449
event/cd1922c1,event/283ed5f5,CAUSES,0.8,causes,447,449
event/1a8616b4,event/283ed5f5,CAUSES,0.8,causes,448,449
event/cd1922c1,event/9da9562c,CAUSES,0.7,causes,447,450
event/1a8616b4,event/9da9562c,CAUSES,0.8,causes,448,450
event/283ed5f5,event/9da9562c,CAUSES,0.7,causes,449,450
event/e1638972,event/e6f55342,CAUSES,0.8,causes,452,453
event/f54c38c6,event/5106dad7,CAUSES,0.7,causes,451,455
event/e6f55342,event/9ab25fcc,CAUSES,0.7,enables,453,456
event/62170c11,event/9ab25fcc,CAUSES,0.7,enables,454,456
event/9ab25fcc,event/6fae9fec,CAUSES,0.7,enables,456,457
event/9ab25fcc,event/0e867369,CAUSES,0.7,enables,456,458
event/6fae9fec,event/0e867369,CAUSES,0.8,causes,457,458
event/9ab25fcc,event/22ad5e54,CAUSES,0.8,causes,456,459
event/9ab25fcc,event/6d759c89,CAUSES,0.8,causes,456,460
event/6fae9fec,event/6d759c89,CAUSES,0.8,enables,457,460
event/22ad5e54,event/6d759c89,CAUSES,0.8,causes,459,460
event/6fae9fec,event/3a929726,CAUSES,0.7,prevents,457,461
event/22ad5e54,event/3a3b19ba,CAUSES,0.7,causes,459,462
event/6d759c89,event/e9187199,CAUSES,0.8,causes,460,463
event/3a3b19ba,event/e9187199,CAUSES,0.8,causes,462,463
event/06235d07,event/e7a674bc,CAUSES,0.8,causes,466,468
event/1e77ebf1,event/20d54813,CAUSES,0.8,causes,467,470
event/8ca0d780,event/20d54813,CAUSES,0.8,causes,469,470
event/e7a674bc,event/abb81131,CAUSES,0.7,enables,468,472
event/700c897e,event/abb81131,CAUSES,0.7,enables,471,472
event/20d54813,event/7d7bd713,CAUSES,0.7,causes,470,473
event/700c897e,event/7d7bd713,CAUSES,0.8,causes,471,473
event/abb81131,event/7d7bd713,CAUSES,0.7,causes,472,473
event/700c897e,event/91ae3a4d,CAUSES,0.8,causes,471,474
event/abb81131,event/91ae3a4d,CAUSES,0.6,enables,472,474
event/7d7bd713,event/91ae3a4d,CAUSES,0.7,prevents,473,474
event/91ae3a4d,event/7b5b6f0d,CAUSES,0.8,causes,474,478
event/d2790f5b,event/b65dc108,CAUSES,0.8,causes,477,479
event/7b5b6f0d,event/b65dc108,CAUSES,0.8,causes,478,479
event/7b5b6f0d,event/f6ce5ef4,CAUSES,0.7,prevents,478,482
event/af57c592,event/f6ce5ef4,CAUSES,0.8,causes,481,482
event/f6ce5ef4,event/fbc65db4,CAUSES,0.7,prevents,482,483
event/f6ce5ef4,event/6f07c0e2,CAUSES,0.8,causes,482,484
event/f6ce5ef4,event/e9eadf4f,CAUSES,0.7,causes,482,485
event/f6ce5ef4,event/6f9ebc87,CAUSES,0.7,prevents,482,486
event/fbc65db4,event/6f9ebc87,CAUSES,0.7,prevents,483,486
event/fbc65db4,event/35f81600,CAUSES,0.7,prevents,483,487
event/6f07c0e2,event/35f81600,CAUSES,0.8,prevents,484,487
event/e9eadf4f,event/35f81600,CAUSES,0.6,prevents,485,487
event/6f9ebc87,event/35f81600,CAUSES,0.7,prevents,486,487
event/6f9ebc87,event/2833a834,CAUSES,0.7,enables,486,488
event/6f9ebc87,event/4fb4687f,CAUSES,0.7,causes,486,489
event/2833a834,event/4fb4687f,CAUSES,0.7,causes,488,489
event/35f81600,event/0efc8650,CAUSES,0.7,prevents,487,491
event/4fb4687f,event/0efc8650,CAUSES,0.7,enables,489,491
event/cb6865b1,event/0efc8650,CAUSES,0.6,enables,490,491
event/2833a834,event/d0a71ab1,CAUSES,0.7,enables,488,492
event/4fb4687f,event/d0a71ab1,CAUSES,0.7,enables,489,492
event/0efc8650,event/d0a71ab1,CAUSES,0.7,enables,491,492
event/4fb4687f,event/107a0546,CAUSES,0.7,causes,489,493
event/0efc8650,event/107a0546,CAUSES,0.7,enables,491,493
event/d0a71ab1,event/107a0546,CAUSES,0.7,enables,492,493
event/cb6865b1,event/3b91cec1,CAUSES,0.7,enables,490,494
event/0efc8650,event/3b91cec1,CAUSES,0.7,enables,491,494
event/d0a71ab1,event/3b91cec1,CAUSES,0.7,enables,492,494
event/107a0546,event/3b91cec1,CAUSES,0.7,enables,493,494
event/0efc8650,event/2a42ec48,CAUSES,0.8,causes,491,495
event/d0a71ab1,event/2a42ec48,CAUSES,0.8,enables,492,495
event/107a0546,event/2a42ec48,CAUSES,0.7,enables,493,495
event/d0a71ab1,event/49301da0,CAUSES,0.7,enables,492,496
event/3b91cec1,event/49301da0,CAUSES,0.7,enables,494,496
event/3b91cec1,event/1a487345,CAUSES,0.7,enables,494,497
event/49301da0,event/1a487345,CAUSES,0.8,causes,496,497
event/3b91cec1,event/9bcab8d1,CAUSES,0.7,causes,494,498
event/49301da0,event/9bcab8d1,CAUSES,0.8,causes,496,498
event/1a487345,event/9bcab8d1,CAUSES,0.8,causes,497,498
event/49301da0,event/9cca274d,CAUSES,0.8,causes,496,499
event/1a487345,event/9cca274d,CAUSES,0.8,causes,497,499
event/49301da0,event/4b724f0a,CAUSES,0.8,causes,496,500
event/1a487345,event/4b724f0a,CAUSES,0.8,causes,497,500
event/9bcab8d1,event/4b724f0a,CAUSES,0.8,causes,498,500
event/9cca274d,event/4b724f0a,CAUSES,0.8,causes,499,500
event/1a487345,event/e24f0ee1,CAUSES,0.7,aggravates,497,501
event/9bcab8d1,event/e24f0ee1,CAUSES,0.7,aggravates,498,501
event/9cca274d,event/e24f0ee1,CAUSES,0.7,aggravates,499,501
event/4b724f0a,event/e24f0ee1,CAUSES,0.7,aggravates,500,501
event/9bcab8d1,event/92069b9c,CAUSES,0.8,causes,498,502
event/9cca274d,event/92069b9c,CAUSES,0.8,causes,499,502
event/4b724f0a,event/92069b9c,CAUSES,0.8,causes,500,502
event/e24f0ee1,event/92069b9c,CAUSES,0.8,prevents,501,502
event/e24f0ee1,event/154e1750,CAUSES,0.8,prevents,501,503
event/92069b9c,event/826a5aac,CAUSES,0.7,causes,502,504
event/154e1750,event/826a5aac,CAUSES,0.7,enables,503,504
event/e24f0ee1,event/7b9bd4f2,CAUSES,0.8,prevents,501,505
event/826a5aac,event/7b9bd4f2,CAUSES,0.7,enables,504,505
event/154e1750,event/e7feb8b2,CAUSES,0.7,causes,503,506
event/154e1750,event/a5ba43b8,CAUSES,0.8,causes,503,507
event/826a5aac,event/a5ba43b8,CAUSES,0.8,causes,504,507
event/7b9bd4f2,event/a5ba43b8,CAUSES,0.8,causes,505,507
event/e7feb8b2,event/a5ba43b8,CAUSES,0.8,prevents,506,507
event/826a5aac,event/6e493f22,CAUSES,0.7,enables,504,508
event/7b9bd4f2,event/6e493f22,CAUSES,0.7,enables,505,508
event/a5ba43b8,event/6e493f22,CAUSES,0.8,causes,507,508
event/7b9bd4f2,event/6eadceb6,CAUSES,0.7,prevents,505,509
event/e7feb8b2,event/6eadceb6,CAUSES,0.7,prevents,506,509
event/a5ba43b8,event/6eadceb6,CAUSES,0.8,causes,507,509
event/6e493f22,event/6eadceb6,CAUSES,0.8,causes,508,509
event/a5ba43b8,event/0777d14d,CAUSES,0.8,causes,507,510
event/6e493f22,event/0777d14d,CAUSES,0.8,causes,508,510
event/6eadceb6,event/0777d14d,CAUSES,0.8,prevents,509,510
event/6eadceb6,event/e57ce3b2,CAUSES,0.8,prevents,509,511
event/0777d14d,event/e57ce3b2,CAUSES,0.8,prevents,510,511
event/6e493f22,event/66208544,CAUSES,0.8,causes,508,512
event/6eadceb6,event/66208544,CAUSES,0.7,prevents,509,512
event/e57ce3b2,event/66208544,CAUSES,0.8,causes,511,512
event/6eadceb6,event/efaec9af,CAUSES,0.7,prevents,509,513
event/e57ce3b2,event/efaec9af,CAUSES,0.8,causes,511,513
event/66208544,event/efaec9af,CAUSES,0.8,causes,512,513
event/efaec9af,event/97f696f0,CAUSES,0.9,causes,513,514
event/e57ce3b2,event/f835fefe,CAUSES,0.7,causes,511,515
event/66208544,event/f835fefe,CAUSES,0.7,enables,512,515
event/efaec9af,event/f835fefe,CAUSES,0.7,enables,513,515
event/97f696f0,event/f835fefe,CAUSES,0.8,causes,514,515
event/97f696f0,event/fa296cbe,CAUSES,0.7,enables,514,516
event/f835fefe,event/fa296cbe,CAUSES,0.7,enables,515,516
event/f835fefe,event/dd855ce8,CAUSES,0.8,causes,515,517
event/fa296cbe,event/dd855ce8,CAUSES,0.8,causes,516,517
event/a1f1b8b0,event/bf6a7efb,CAUSES,0.8,causes,518,519
event/a1f1b8b0,event/ff9eab81,CAUSES,0.7,causes,518,521
event/69b583ce,event/ff9eab81,CAUSES,0.7,causes,520,521
event/a1f1b8b0,event/5c838f36,CAUSES,0.8,causes,518,522
event/bf6a7efb,event/5c838f36,CAUSES,0.8,causes,519,522
event/69b583ce,event/5c838f36,CAUSES,0.7,prevents,520,522
event/ff9eab81,event/5c838f36,CAUSES,0.8,causes,521,522
event/bf6a7efb,event/fdf3019a,CAUSES,0.7,prevents,519,523
event/69b583ce,event/fdf3019a,CAUSES,0.7,prevents,520,523
event/ff9eab81,event/fdf3019a,CAUSES,0.8,causes,521,523
event/5c838f36,event/fdf3019a,CAUSES,0.8,causes,522,523
event/ff9eab81,event/408444b3,CAUSES,0.8,causes,521,524
event/5c838f36,event/408444b3,CAUSES,0.8,causes,522,524
event/fdf3019a,event/408444b3,CAUSES,0.9,causes,523,524
event/ff9eab81,event/f155555c,CAUSES,0.8,causes,521,525
event/5c838f36,event/f155555c,CAUSES,0.8,causes,522,525
event/fdf3019a,event/f155555c,CAUSES,0.8,causes,523,525
event/408444b3,event/f155555c,CAUSES,0.8,causes,524,525
event/5c838f36,event/b5f90393,CAUSES,0.8,causes,522,526
event/fdf3019a,event/b5f90393,CAUSES,0.8,causes,523,526
event/408444b3,event/b5f90393,CAUSES,0.8,causes,524,526
event/f155555c,event/b5f90393,CAUSES,0.7,enables,525,526
event/fdf3019a,event/f7337371,CAUSES,0.8,causes,523,527
event/408444b3,event/f7337371,CAUSES,0.8,causes,524,527
event/f155555c,event/f7337371,CAUSES,0.8,causes,525,527
event/b5f90393,event/f7337371,CAUSES,0.6,enables,526,527
event/f155555c,event/3308607c,CAUSES,0.7,enables,525,528
event/b5f90393,event/3308607c,CAUSES,0.8,causes,526,528
event/f7337371,event/3308607c,CAUSES,0.8,causes,527,528
event/f155555c,event/3b03d05f,CAUSES,0.7,enables,525,529
event/b5f90393,event/3b03d05f,CAUSES,0.6,enables,526,529
event/f7337371,event/3b03d05f,CAUSES,0.7,causes,527,529
event/3308607c,event/3b03d05f,CAUSES,0.7,enables,528,529
event/b5f90393,event/1c2ddba2,CAUSES,0.8,causes,526,530
event/f7337371,event/1c2ddba2,CAUSES,0.8,enables,527,530
event/3308607c,event/1c2ddba2,CAUSES,0.7,enables,528,530
event/3b03d05f,event/1c2ddba2,CAUSES,0.9,causes,529,530
event/f7337371,event/694842a6,CAUSES,0.9,causes,527,531
event/3308607c,event/694842a6,CAUSES,0.7,enables,528,531
event/3b03d05f,event/694842a6,CAUSES,0.9,causes,529,531
event/1c2ddba2,event/694842a6,CAUSES,0.8,enables,530,531
event/694842a6,event/472b855f,CAUSES,0.7,enables,531,532
event/694842a6,event/3d8d3bd3,CAUSES,0.7,enables,531,534
event/0ce2e6e6,event/3d8d3bd3,CAUSES,0.7,enables,533,534
event/0ce2e6e6,event/5b101253,CAUSES,0.7,causes,533,535
event/3d8d3bd3,event/5b101253,CAUSES,0.8,causes,534,535
event/5b101253,event/b6967d7e,CAUSES,0.7,enables,535,536
event/3d8d3bd3,event/fbd33cee,CAUSES,0.8,causes,534,537
event/5b101253,event/fbd33cee,CAUSES,0.8,causes,535,537
event/b6967d7e,event/fbd33cee,CAUSES,0.8,causes,536,537
event/3d8d3bd3,event/92d0b8c5,CAUSES,0.9,causes,534,538
event/5b101253,event/92d0b8c5,CAUSES,0.8,causes,535,538
event/b6967d7e,event/92d0b8c5,CAUSES,0.8,causes,536,538
event/fbd33cee,event/92d0b8c5,CAUSES,0.9,causes,537,538
event/5b101253,event/6de925c5,CAUSES,0.7,enables,535,539
event/b6967d7e,event/6de925c5,CAUSES,0.7,enables,536,539
event/fbd33cee,event/6de925c5,CAUSES,0.7,enables,537,539
event/92d0b8c5,event/6de925c5,CAUSES,0.7,enables,538,539
event/fbd33cee,event/40aa2c5a,CAUSES,0.7,enables,537,541
event/92d0b8c5,event/40aa2c5a,CAUSES,0.7,causes,538,541
event/1b596ad4,event/40aa2c5a,CAUSES,0.8,enables,540,541
event/6de925c5,event/a66616d1,CAUSES,0.7,enables,539,542
event/1b596ad4,event/a66616d1,CAUSES,0.8,enables,540,542
event/40aa2c5a,event/79208de2,CAUSES,0.8,enables,541,543
event/a66616d1,event/79208de2,CAUSES,0.8,enables,542,543
event/1b596ad4,event/083c7460,CAUSES,0.7,enables,540,544
event/40aa2c5a,event/083c7460,CAUSES,0.7,prevents,541,544
event/79208de2,event/083c7460,CAUSES,0.8,causes,543,544
event/40aa2c5a,event/50b5f6f9,CAUSES,1.0,causes,541,545
event/a66616d1,event/50b5f6f9,CAUSES,1.0,causes,542,545
event/083c7460,event/50b5f6f9,CAUSES,0.7,enables,544,545
event/a66616d1,event/c92c7801,CAUSES,0.8,prevents,542,546
event/083c7460,event/c92c7801,CAUSES,0.9,causes,544,546
event/50b5f6f9,event/c92c7801,CAUSES,0.8,prevents,545,546
event/c92c7801,event/e8861bd3,CAUSES,0.8,causes,546,547
event/e8861bd3,event/890e45a9,CAUSES,0.7,causes,547,549
event/10e40e04,event/890e45a9,CAUSES,0.8,causes,548,549
event/c92c7801,event/bc2ad238,CAUSES,0.7,causes,546,550
event/890e45a9,event/bc2ad238,CAUSES,0.7,causes,549,550
event/10e40e04,event/9b15664f,CAUSES,0.8,causes,548,551
event/890e45a9,event/9b15664f,CAUSES,0.7,enables,549,551
event/bc2ad238,event/9b15664f,CAUSES,0.8,causes,550,551
event/10e40e04,event/82fc07b5,CAUSES,0.7,enables,548,552
event/9b15664f,event/409adfa0,CAUSES,0.8,causes,551,553
event/82fc07b5,event/409adfa0,CAUSES,0.7,enables,552,553
event/bc2ad238,event/8bc4cac6,CAUSES,0.8,causes,550,554
event/9b15664f,event/8bc4cac6,CAUSES,0.8,causes,551,554
event/82fc07b5,event/8bc4cac6,CAUSES,0.7,causes,552,554
event/409adfa0,event/8bc4cac6,CAUSES,0.8,causes,553,554
event/9b15664f,event/9d8175df,CAUSES,0.8,causes,551,555
event/82fc07b5,event/9d8175df,CAUSES,0.7,causes,552,555
event/409adfa0,event/9d8175df,CAUSES,0.7,causes,553,555
event/8bc4cac6,event/9d8175df,CAUSES,0.8,causes,554,555
event/a46a0312,event/dbb98c36,CAUSES,0.8,prevents,556,557
event/9d8175df,event/fbee67b5,CAUSES,0.8,causes,555,558
event/a46a0312,event/fbee67b5,CAUSES,0.7,enables,556,558
event/fbee67b5,event/db32636b,CAUSES,0.8,enables,558,559
event/fbee67b5,event/732c2a3d,CAUSES,0.8,causes,558,561
event/db32636b,event/732c2a3d,CAUSES,0.8,causes,559,561
event/9c2410c7,event/732c2a3d,CAUSES,0.8,causes,560,561
event/fbee67b5,event/c257b93c,CAUSES,0.7,enables,558,562
event/db32636b,event/c257b93c,CAUSES,0.7,enables,559,562
event/732c2a3d,event/c257b93c,CAUSES,0.8,causes,561,562
event/c257b93c,event/d3077e77,CAUSES,0.8,causes,562,563
event/c257b93c,event/6f56f82d,CAUSES,0.8,causes,562,564
event/d3077e77,event/6f56f82d,CAUSES,0.7,causes,563,564
event/732c2a3d,event/c26791d8,CAUSES,0.7,causes,561,565
event/c257b93c,event/c26791d8,CAUSES,0.8,causes,562,565
event/d3077e77,event/c26791d8,CAUSES,0.8,causes,563,565
event/6f56f82d,event/c26791d8,CAUSES,0.7,causes,564,565
event/d3077e77,event/4c6ad413,CAUSES,0.8,causes,563,566
event/6f56f82d,event/4c6ad413,CAUSES,0.8,causes,564,566
event/c26791d8,event/4c6ad413,CAUSES,0.8,causes,565,566
event/d3077e77,event/971904ce,CAUSES,0.8,causes,563,567
event/6f56f82d,event/971904ce,CAUSES,0.8,causes,564,567
event/c26791d8,event/971904ce,CAUSES,0.8,causes,565,567
event/4c6ad413,event/971904ce,CAUSES,0.7,aggravates,566,567
event/4c6ad413,event/21a73d93,CAUSES,0.8,causes,566,568
event/c26791d8,event/ebf17328,CAUSES,0.8,causes,565,569
event/ebf17328,event/e8564276,CAUSES,0.8,causes,569,570
event/21a73d93,event/36557eae,CAUSES,0.8,causes,568,571
event/ebf17328,event/36557eae,CAUSES,0.8,causes,569,571
event/323b20d8,event/94dbee96,CAUSES,0.7,enables,572,573
event/323b20d8,event/d62a852c,CAUSES,0.8,causes,572,574
event/94dbee96,event/d62a852c,CAUSES,0.8,causes,573,574
event/d62a852c,event/943492c4,CAUSES,0.8,causes,574,575
event/323b20d8,event/2b8bfc2d,CAUSES,0.7,causes,572,576
event/94dbee96,event/2b8bfc2d,CAUSES,0.7,causes,573,576
event/d62a852c,event/2b8bfc2d,CAUSES,0.7,causes,574,576
event/2b8bfc2d,event/4f4a887b,CAUSES,0.8,causes,576,578
event/50d9abaa,event/4f4a887b,CAUSES,0.8,causes,577,578
event/2b8bfc2d,event/0419c7a6,CAUSES,0.7,causes,576,579
event/4f4a887b,event/0419c7a6,CAUSES,0.8,causes,578,579
event/2b8bfc2d,event/f812cdc8,CAUSES,0.7,enables,576,580
event/50d9abaa,event/f812cdc8,CAUSES,0.7,enables,577,580
event/4f4a887b,event/f812cdc8,CAUSES,0.7,enables,578,580
event/0419c7a6,event/f812cdc8,CAUSES,0.7,enables,579,580
event/0419c7a6,event/884b0d33,CAUSES,0.7,enables,579,581
event/0419c7a6,event/a92f2eb7,CAUSES,0.7,causes,579,583
event/884b0d33,event/a92f2eb7,CAUSES,0.7,causes,581,583
event/f17ef378,event/a92f2eb7,CAUSES,0.8,causes,582,583
event/a92f2eb7,event/96a2fab9,CAUSES,0.7,enables,583,584
event/884b0d33,event/e2e99df8,CAUSES,0.7,enables,581,585
event/e2e99df8,event/50498a60,CAUSES,0.7,enables,585,586
event/e2e99df8,event/7ccac3c5,CAUSES,0.6,enables,585,589
event/7ccac3c5,event/17defe17,CAUSES,0.8,causes,589,590
event/17defe17,event/34de9581,CAUSES,0.7,enables,590,591
event/34de9581,event/9183a26c,CAUSES,0.8,causes,591,592
event/17defe17,event/3b9d83ed,CAUSES,0.7,enables,590,593
event/34de9581,event/3b9d83ed,CAUSES,0.7,enables,591,593
event/9183a26c,event/3b9d83ed,CAUSES,0.7,enables,592,593
event/34de9581,event/e3fde20e,CAUSES,0.8,causes,591,594
event/9183a26c,event/e3fde20e,CAUSES,0.8,causes,592,594
event/558bd7d1,event/59b2a64c,CAUSES,0.7,enables,596,597
event/e3fde20e,event/82b56cf2,CAUSES,0.7,causes,594,598
event/558bd7d1,event/82b56cf2,CAUSES,0.7,enables,596,598
event/59b2a64c,event/82b56cf2,CAUSES,0.7,causes,597,598
event/558bd7d1,event/035ef420,CAUSES,0.7,enables,596,600
event/bfb834b5,event/035ef420,CAUSES,0.8,causes,599,600
event/bfb834b5,event/16739857,CAUSES,0.7,enables,599,601
event/035ef420,event/16739857,CAUSES,0.8,causes,600,601
event/16739857,event/214a87ea,CAUSES,0.8,causes,601,602
event/f283fec1,event/1949148e,CAUSES,0.7,causes,606,607
event/f283fec1,event/46676ba3,CAUSES,0.7,causes,606,609
event/1949148e,event/46676ba3,CAUSES,0.8,causes,607,609
event/d2f3bf5d,event/46676ba3,CAUSES,0.7,causes,608,609
event/46676ba3,event/f640376e,CAUSES,0.8,causes,609,610
event/1949148e,event/538258dd,CAUSES,0.8,causes,607,611
event/46676ba3,event/538258dd,CAUSES,0.8,causes,609,611
event/f640376e,event/538258dd,CAUSES,0.8,causes,610,611
event/f640376e,event/d0a48505,CAUSES,0.8,causes,610,612
event/538258dd,event/d0a48505,CAUSES,0.8,causes,611,612
event/46676ba3,event/87d1eb12,CAUSES,0.8,causes,609,613
event/f640376e,event/87d1eb12,CAUSES,0.7,causes,610,613
event/538258dd,event/84c4829d,CAUSES,0.8,causes,611,614
event/d0a48505,event/84c4829d,CAUSES,0.8,causes,612,614
event/87d1eb12,event/84c4829d,CAUSES,0.8,causes,613,614
event/87d1eb12,event/1ee1085a,CAUSES,0.8,causes,613,615
event/84c4829d,event/1ee1085a,CAUSES,0.8,causes,614,615
event/87d1eb12,event/73739219,CAUSES,0.7,causes,613,616
event/1ee1085a,event/911ec718,CAUSES,0.7,enables,615,618
event/34ac3c1d,event/911ec718,CAUSES,0.7,enables,617,618
event/1d57c22c,event/35488e2a,CAUSES,0.8,aggravates,620,621
event/35488e2a,event/1b8fe467,CAUSES,0.7,causes,621,622
event/1b8fe467,event/46aac06d,CAUSES,0.7,enables,622,623
event/1b8fe467,event/bcbe8354,CAUSES,0.8,causes,622,625
event/1b8fe467,event/2ca1b213,CAUSES,0.7,prevents,622,626
event/46aac06d,event/2ca1b213,CAUSES,0.7,enables,623,626
event/bcbe8354,event/5dfd7c0d,CAUSES,0.7,causes,625,628
event/2ca1b213,event/5dfd7c0d,CAUSES,0.8,prevents,626,628
event/73371447,event/5dfd7c0d,CAUSES,0.8,causes,627,628
event/bcbe8354,event/d1d579b2,CAUSES,0.8,causes,625,629
event/5dfd7c0d,event/b3b3506b,CAUSES,0.7,causes,628,630
event/d1d579b2,event/b3b3506b,CAUSES,0.8,causes,629,630
event/b3b3506b,event/8f378c8b,CAUSES,0.7,causes,630,631
event/d1d579b2,event/b1987cbc,CAUSES,0.7,causes,629,632
event/b3b3506b,event/b1987cbc,CAUSES,0.7,causes,630,632
event/d1d579b2,event/ca0afd0a,CAUSES,0.8,causes,629,633
event/b3b3506b,event/ca0afd0a,CAUSES,0.8,causes,630,633
event/8f378c8b,event/ca0afd0a,CAUSES,0.8,causes,631,633
event/b1987cbc,event/ca0afd0a,CAUSES,0.8,causes,632,633
event/b1987cbc,event/60db93ee,CAUSES,0.7,prevents,632,634
event/ca0afd0a,event/60db93ee,CAUSES,0.8,prevents,633,634
event/f16d8887,event/ddb2d7f5,CAUSES,0.7,causes,635,637
event/3b45e2f0,event/ddb2d7f5,CAUSES,0.8,causes,636,637
event/3b45e2f0,event/5b843f7b,CAUSES,0.7,causes,636,638
event/ddb2d7f5,event/5b843f7b,CAUSES,0.7,causes,637,638
event/f16d8887,event/80cc9b1d,CAUSES,0.7,aggravates,635,639
event/80cc9b1d,event/0dcda3af,CAUSES,0.8,causes,639,640
event/80cc9b1d,event/3da5bdb1,CAUSES,0.7,causes,639,641
event/0dcda3af,event/3da5bdb1,CAUSES,0.8,causes,640,641
event/d9b2d85d,event/c0f27f35,CAUSES,0.7,causes,642,643
event/0dcda3af,event/c8d4d214,CAUSES,0.7,enables,640,644
event/3da5bdb1,event/c8d4d214,CAUSES,0.7,enables,641,644
event/d9b2d85d,event/c8d4d214,CAUSES,0.7,enables,642,644
event/c0f27f35,event/c8d4d214,CAUSES,0.7,causes,643,644
event/3da5bdb1,event/138c6f03,CAUSES,0.7,causes,641,645
event/c8d4d214,event/138c6f03,CAUSES,0.7,enables,644,645
event/c8d4d214,event/8222727f,CAUSES,0.7,enables,644,646
event/138c6f03,event/8222727f,CAUSES,0.6,enables,645,646
event/c0f27f35,event/bb4a0dc3,CAUSES,0.7,causes,643,647
event/c8d4d214,event/bb4a0dc3,CAUSES,0.8,causes,644,647
event/138c6f03,event/bb4a0dc3,CAUSES,0.8,causes,645,647
event/8222727f,event/bb4a0dc3,CAUSES,0.8,causes,646,647
event/c8d4d214,event/aa7d901a,CAUSES,0.7,enables,644,648
event/bb4a0dc3,event/aa7d901a,CAUSES,0.8,causes,647,648
event/bb4a0dc3,event/dc2f72fb,CAUSES,0.7,causes,647,649
event/dc2f72fb,event/3a2a2e6c,CAUSES,0.8,causes,649,652
event/0ae682ff,event/3a2a2e6c,CAUSES,1.0,causes,651,652
event/0ae682ff,event/d06431d4,CAUSES,0.7,enables,651,654
event/3a2a2e6c,event/d06431d4,CAUSES,0.7,enables,652,654
event/3e0d2d33,event/d06431d4,CAUSES,0.7,enables,653,654
event/3e0d2d33,event/e49848f0,CAUSES,0.7,aggravates,653,655
event/d06431d4,event/e49848f0,CAUSES,0.8,causes,654,655
event/d06431d4,event/3375132e,CAUSES,0.7,enables,654,656
event/e49848f0,event/3375132e,CAUSES,0.9,causes,655,656
event/d06431d4,event/a3357a2d,CAUSES,0.7,causes,654,657
event/e49848f0,event/a3357a2d,CAUSES,0.7,causes,655,657
event/3375132e,event/a3357a2d,CAUSES,0.7,causes,656,657
event/d06431d4,event/ec3b31c7,CAUSES,0.7,enables,654,658
event/a3357a2d,event/ec3b31c7,CAUSES,0.8,causes,657,658
event/3375132e,event/eaddb4c4,CAUSES,0.8,causes,656,659
event/a3357a2d,event/eaddb4c4,CAUSES,0.7,causes,657,659
event/ec3b31c7,event/eaddb4c4,CAUSES,0.7,causes,658,659
event/3375132e,event/d4844132,CAUSES,0.8,causes,656,660
event/eaddb4c4,event/d4844132,CAUSES,0.8,causes,659,660
event/a3357a2d,event/e82c90c5,CAUSES,0.7,causes,657,661
event/ec3b31c7,event/e82c90c5,CAUSES,0.7,enables,658,661
event/d4844132,event/e82c90c5,CAUSES,0.7,causes,660,661
event/d4844132,event/0d5cc5ae,CAUSES,0.7,enables,660,662
event/e82c90c5,event/0d5cc5ae,CAUSES,0.7,enables,661,662
event/e82c90c5,event/ed510b04,CAUSES,0.7,enables,661,664
event/aa23d1c1,event/ed510b04,CAUSES,0.7,enables,663,664
event/ed510b04,event/1aece523,CAUSES,0.8,causes,664,665
event/aa23d1c1,event/01f7cbbf,CAUSES,0.8,causes,663,666
event/1aece523,event/01f7cbbf,CAUSES,0.8,causes,665,666
event/aa23d1c1,event/dd4e40fe,CAUSES,0.7,causes,663,667
event/01f7cbbf,event/dd4e40fe,CAUSES,0.7,causes,666,667
event/1aece523,event/cded5c1e,CAUSES,0.8,causes,665,668
event/01f7cbbf,event/cded5c1e,CAUSES,0.8,causes,666,668
event/dd4e40fe,event/cded5c1e,CAUSES,0.8,causes,667,668
event/1aece523,event/c30f9de6,CAUSES,0.7,causes,665,669
event/01f7cbbf,event/c30f9de6,CAUSES,0.8,causes,666,669
event/dd4e40fe,event/c30f9de6,CAUSES,0.7,causes,667,669
event/cded5c1e,event/c30f9de6,CAUSES,0.8,causes,668,669
event/dd4e40fe,event/a75a76a9,CAUSES,0.7,prevents,667,671
event/cded5c1e,event/a75a76a9,CAUSES,0.7,prevents,668,671
event/a75a76a9,event/ae7e4d35,CAUSES,0.7,prevents,671,673
event/ae7e4d35,event/cfe43f9e,CAUSES,0.8,causes,673,674
event/cfe43f9e,event/1919f71c,CAUSES,0.8,causes,674,675
event/ae7e4d35,event/7e48330a,CAUSES,0.8,causes,673,676
event/ae7e4d35,event/d755ff45,CAUSES,0.8,causes,673,677
event/cfe43f9e,event/d755ff45,CAUSES,0.8,causes,674,677
event/1919f71c,event/d755ff45,CAUSES,0.8,causes,675,677
event/7e48330a,event/d755ff45,CAUSES,0.8,causes,676,677
event/cfe43f9e,event/e7a90389,CAUSES,0.8,causes,674,678
event/1919f71c,event/e7a90389,CAUSES,0.8,causes,675,678
event/7e48330a,event/e7a90389,CAUSES,0.8,causes,676,678
event/d755ff45,event/e7a90389,CAUSES,0.9,causes,677,678
event/d755ff45,event/da28bb63,CAUSES,0.8,causes,677,679
event/e7a90389,event/da28bb63,CAUSES,0.7,enables,678,679
event/d755ff45,event/ce05e72c,CAUSES,0.8,causes,677,680
event/e7a90389,event/ce05e72c,CAUSES,0.7,causes,678,680
event/e7a90389,event/63b305af,CAUSES,0.8,causes,678,681
event/da28bb63,event/8e1379f9,CAUSES,0.7,causes,679,683
event/8e1379f9,event/00ea4afd,CAUSES,0.7,causes,683,684
event/63b305af,event/40c58f42,CAUSES,0.8,causes,681,685
event/00ea4afd,event/40c58f42,CAUSES,0.7,enables,684,685
event/ef8aa63e,event/66fe2707,CAUSES,0.8,causes,686,687
event/00ea4afd,event/6c83e340,CAUSES,0.7,enables,684,688
event/4c10868b,event/3384edce,CAUSES,0.8,causes,689,690
event/3384edce,event/defdd10e,CAUSES,0.8,causes,690,691
event/79550f21,event/111a2f44,CAUSES,0.8,causes,692,693
event/79550f21,event/9ca02b81,CAUSES,0.7,enables,692,694
event/111a2f44,event/9ca02b81,CAUSES,0.7,enables,693,694
event/defdd10e,event/c411f0ec,CAUSES,0.7,enables,691,695
event/ac414e79,event/5be0eb5e,CAUSES,0.9,causes,696,699
event/9a812bb6,event/5be0eb5e,CAUSES,0.8,causes,698,699
event/9a812bb6,event/76f2d2d1,CAUSES,0.8,causes,698,700
event/9a812bb6,event/7bc06a7a,CAUSES,0.8,causes,698,701
event/5be0eb5e,event/7bc06a7a,CAUSES,0.7,causes,699,701
event/b10e15ea,event/cd3b9052,CAUSES,0.7,enables,703,704
event/71b93f82,event/e7a2668d,CAUSES,0.8,causes,702,705
event/cd3b9052,event/e7a2668d,CAUSES,0.8,causes,704,705
event/b10e15ea,event/0c5c560a,CAUSES,0.7,enables,703,707
event/cd3b9052,event/0c5c560a,CAUSES,0.8,causes,704,707
event/e7a2668d,event/0c5c560a,CAUSES,0.7,enables,705,707
event/42ebbb88,event/0c5c560a,CAUSES,0.7,enables,706,707
event/cd3b9052,event/4110dd5c,CAUSES,0.8,causes,704,708
event/e7a2668d,event/4110dd5c,CAUSES,0.7,enables,705,708
event/42ebbb88,event/4110dd5c,CAUSES,0.7,enables,706,708
event/0c5c560a,event/4110dd5c,CAUSES,0.7,enables,707,708
event/e7a2668d,event/61a5ad05,CAUSES,0.7,enables,705,709
event/42ebbb88,event/61a5ad05,CAUSES,0.7,enables,706,709
event/0c5c560a,event/61a5ad05,CAUSES,0.7,enables,707,709
event/4110dd5c,event/61a5ad05,CAUSES,0.7,enables,708,709
event/42ebbb88,event/5b220b90,CAUSES,0.7,enables,706,710
event/0c5c560a,event/5b220b90,CAUSES,0.8,enables,707,710
event/4110dd5c,event/5b220b90,CAUSES,0.7,enables,708,710
event/61a5ad05,event/5b220b90,CAUSES,0.8,enables,709,710
event/0c5c560a,event/82ebdbd9,CAUSES,0.8,causes,707,711
event/4110dd5c,event/82ebdbd9,CAUSES,0.8,causes,708,711
event/61a5ad05,event/82ebdbd9,CAUSES,0.8,causes,709,711
event/5b220b90,event/82ebdbd9,CAUSES,0.8,causes,710,711
event/61a5ad05,event/0711563a,CAUSES,0.7,prevents,709,712
event/82ebdbd9,event/0711563a,CAUSES,0.7,prevents,711,712
event/602457ca,event/3a642f1d,CAUSES,0.8,causes,713,715
event/0c222c01,event/3a642f1d,CAUSES,0.8,causes,714,715
event/0c222c01,event/84042633,CAUSES,0.7,enables,714,716
event/3a642f1d,event/84042633,CAUSES,0.8,causes,715,716
event/0c222c01,event/53ae9cc1,CAUSES,0.8,causes,714,717
event/84042633,event/53ae9cc1,CAUSES,0.8,causes,716,717
event/0c222c01,event/1502f472,CAUSES,0.7,enables,714,718
event/84042633,event/8c949e36,CAUSES,0.8,causes,716,720
event/9afcd3a3,event/8c949e36,CAUSES,0.8,causes,719,720
event/53ae9cc1,event/8705d38f,CAUSES,0.7,enables,717,721
event/9afcd3a3,event/8705d38f,CAUSES,0.7,enables,719,721
event/8c949e36,event/8705d38f,CAUSES,0.6,enables,720,721
event/f5a13651,event/bc45affd,CAUSES,0.7,causes,722,723
event/bc45affd,event/f6295ece,CAUSES,0.8,causes,723,725
event/f6295ece,event/ef75a789,CAUSES,0.7,enables,725,727
event/5f66c279,event/61e797d5,CAUSES,0.7,causes,724,728
event/f6295ece,event/61e797d5,CAUSES,0.8,causes,725,728
event/e58affc9,event/61e797d5,CAUSES,0.6,enables,726,728
event/ef75a789,event/61e797d5,CAUSES,0.8,causes,727,728
event/ef75a789,event/96c0a4b0,CAUSES,0.8,causes,727,729
event/61e797d5,event/96c0a4b0,CAUSES,0.7,causes,728,729
event/ef75a789,event/fea79164,CAUSES,0.7,enables,727,730
event/61e797d5,event/fea79164,CAUSES,0.8,causes,728,730
event/94939843,event/af054846,CAUSES,0.7,enables,731,732
event/94939843,event/e728784a,CAUSES,0.8,causes,731,733
event/fea79164,event/8f2631d5,CAUSES,0.8,causes,730,734
event/8f2631d5,event/f9f6b7db,CAUSES,0.8,causes,734,735
event/8f2631d5,event/734c865c,CAUSES,0.8,causes,734,736
event/f9f6b7db,event/734c865c,CAUSES,0.7,causes,735,736
event/e728784a,event/e4a01056,CAUSES,0.7,causes,733,737
event/8f2631d5,event/e4a01056,CAUSES,0.8,causes,734,737
event/f9f6b7db,event/e4a01056,CAUSES,0.7,aggravates,735,737
event/734c865c,event/e4a01056,CAUSES,0.8,aggravates,736,737
event/8f2631d5,event/e0cef522,CAUSES,0.8,causes,734,738
event/f9f6b7db,event/e0cef522,CAUSES,0.8,causes,735,738
event/734c865c,event/e0cef522,CAUSES,0.8,causes,736,738
event/e4a01056,event/e0cef522,CAUSES,0.8,causes,737,738
event/f9f6b7db,event/112aabaa,CAUSES,0.8,causes,735,739
event/734c865c,event/112aabaa,CAUSES,0.8,causes,736,739
event/734c865c,event/48c8ff61,CAUSES,0.7,causes,736,740
event/e4a01056,event/48c8ff61,CAUSES,0.8,causes,737,740
event/e0cef522,event/48c8ff61,CAUSES,0.7,aggravates,738,740
event/112aabaa,event/48c8ff61,CAUSES,0.8,causes,739,740
event/112aabaa,event/40b5288e,CAUSES,0.8,causes,739,741
event/48c8ff61,event/40b5288e,CAUSES,0.8,causes,740,741
event/112aabaa,event/183419ce,CAUSES,0.8,causes,739,743
event/48c8ff61,event/183419ce,CAUSES,0.8,causes,740,743
event/40b5288e,event/183419ce,CAUSES,0.8,causes,741,743
event/c7d6293d,event/183419ce,CAUSES,0.7,causes,742,743
event/183419ce,event/3328109a,CAUSES,0.7,causes,743,744
event/3328109a,event/73d82a7f,CAUSES,0.7,enables,744,746
event/183419ce,event/3fddba55,CAUSES,0.7,enables,743,747
event/73d82a7f,event/3fddba55,CAUSES,0.8,causes,746,747
