:START_ID,:END_ID,:TYPE,relationType,mechanism,sign,weight,confidence,cause_seq,effect_seq
event/4c6b4f53,event/35261591,CAUSES,causes,"The eerie, dark description of the wilderness and marshes creates a frightening atmosphere that makes the small bundle of shivers (Pip) grow afraid and begin to cry.",-,0.86,0.88,31,35
event/057be3e2,event/bb0ab1a9,CAUSES,enables,The speaker’s praise and emphasis on the young man’s special qualities sets up and justifies the claim about his secret way of getting at a boy’s heart and liver.,+,0.6,0.76,129,131
event/28349599,event/4d859591,CAUSES,enables,"The initial utterance introduces the speaker’s timid explanation and leads into the additional information about Georgiana being the mother, enabling the subsequent clause.",+,0.63,0.72,78,80
event/d21030e4,event/3813cb18,CAUSES,enables,"Being dreadfully frightened may trigger a stress response that could counteract faintness or illness, making the speaker think the fear might keep them from becoming sick.",+,0.55,0.56,113,117
event/914df750,event/ee808686,CAUSES,enables,"The man initiating speech sets up a conversational context that leads to him asking, “Where’s your mother?” as his next utterance.",+,0.6,0.71,72,73
event/053465f5,event/85bca813,CAUSES,enables,"Recovering from numbness and stiffness in his legs allows him to regain control and mobility, enabling him to make the best use of his legs.",+,0.81,0.86,157,161
event/9f8ddc2a,event/f03e3517,CAUSES,causes,The narrator’s decision to call himself Pip leads others to adopt and use that name for him.,+,0.98,0.97,1,2
event/924bad1e,event/01205b39,CAUSES,enables,"His intense gaze asserts dominance and intimidation, setting the stage for his verbal threat about whether the narrator will be allowed to live.",0,0.79,0.82,99,101
event/fb5d8b17,event/90f82186,CAUSES,causes,"The man’s sudden appearance from among the graves prompts him to threaten the child to control him, leading directly to the spoken threat.",-,0.79,0.82,37,39
event/06fd1a82,event/e6bdb737,CAUSES,enables,Stating that Mrs. Joe Gargery is Joe Gargery’s wife leads directly into the further identifying description of him as the blacksmith.,+,0.68,0.71,91,92
event/fd6e30e4,event/c3695a25,CAUSES,enables,"Giving up early in the struggle to make a living fosters and reflects an attitude of ingrained laziness and dependence, metaphorically described as being born idle and complacent.",-,0.76,0.78,19,21
event/2af64edc,event/02fe6274,CAUSES,enables,"The brambles and grave mounds evoke a setting tied to the dead, enabling the impression that he is eluding the hands of dead people as he looks into the narrator’s eyes.",+,0.6,0.69,152,153
event/92593720,event/5b47294a,CAUSES,enables,"Licking his lips signals rising appetite and anticipation, setting up and motivating his subsequent statement about wanting to eat them threateningly.",+,0.71,0.78,61,65
event/1a42e10d,event/4213b5a1,CAUSES,causes,"Carefully walking among nettles likely alters his footing, leading to an awkward step that twists his ankle and causes him to be pulled in.",-,0.68,0.78,151,155
event/35261591,event/afd9ead4,CAUSES,causes,"Pip’s frightened crying draws attention and provokes the nearby person, who responds by shouting at him to be quiet.",-,0.86,0.9,35,38
event/bc842ab2,event/e76ab6c2,CAUSES,causes,The question prompts clarification and likely precedes the instruction; establishing understanding of what a file is leads into the demand to obtain one.,+,0.53,0.63,102,105
event/80d9815d,event/dbb7feb8,CAUSES,enables,"Not having taken them out before in this state of existence makes the subsequent outing and associated perceptions novel, enabling the formation of a vivid first broad impression of identity of things.",+,0.68,0.66,22,25
event/a05d1173,event/dff3750c,CAUSES,causes,"The narrator’s perception of him as the pirate come to life and approaching triggers a fearful emotional reaction, resulting in a terrible turn.",-,0.9,0.92,179,181
event/1c1eb444,event/e30331fb,CAUSES,causes,Not having seen either person leads the observer to form unreasonable mental images of them based only on their tombstones.,0,0.79,0.86,9,12
event/c0338f19,event/d7ce68d3,CAUSES,enables,"The question appears to be a proposal or invitation eliciting the narrator’s planned action of coming to him at the Battery in the morning, thus enabling that future visit.",+,0.61,0.68,137,140
event/683d217a,event/563c1f45,CAUSES,causes,"The physical and aggressive act of seizing the narrator by the chin induces fear, prompting a terrified verbal reaction in the form of pleading.",+,0.93,0.94,44,46
event/924bad1e,event/1596267d,CAUSES,enables,"His intense gaze exerts psychological pressure, weakening her resistance and making it easier for him to manipulate her physically after each question.",+,0.66,0.73,99,103
event/2119561a,event/568f5a05,CAUSES,enables,"Approaching the tombstone reduces distance, making it physically possible for him to reach and take the speaker by both arms.",+,0.71,0.8,96,97
event/13c084be,event/ab66d876,CAUSES,causes,"By holding tighter to the tombstone, he physically supports or stabilizes the narrator, enabling them to stay upon it.",+,0.86,0.86,69,70
event/f03e3517,event/b4b405d2,CAUSES,enables,"The name Pip is adopted based on the inscription on his father’s tombstone, which provides the authoritative source for the name he takes.",+,0.66,0.79,2,4
event/29ec39d5,event/dbd279e1,CAUSES,causes,"Because hiding from the young man is in vain, the boy’s attempts to lock his door and hide in bed follow as futile efforts to conceal himself.",+,0.79,0.83,132,133
event/e250f02e,event/01b3f289,CAUSES,causes,"The repeated dark looks at his leg and the narrator suggest building intent or decision, which leads directly to the action of tilting the narrator back.",+,0.76,0.8,95,98
event/94b40161,event/bd898780,CAUSES,causes,"After tossing and rolling the narrator, he physically restrains and steadies him on top of the stone, as a direct continuation of the same action sequence.",+,0.7,0.76,119,121
event/c3695a25,event/80d9815d,CAUSES,causes,"Being born with their hands in their pockets metaphorically fixes a habit of idleness, leading to them never removing their hands throughout life.",-,0.91,0.93,21,22
event/b6af4129,event/1a42e10d,CAUSES,enables,"Limping toward the wall brings him into the overgrown area, making it possible for him to pick his way among the nettles as he moves there.",0,0.76,0.78,149,151
event/9795a963,event/13c084be,CAUSES,enables,"The narrator’s earnest plea appears to prompt or allow the other person to react by gripping the tombstone more tightly, as part of an emotional or physical response.",+,0.54,0.63,68,69
event/12ea4f34,event/a05d1173,CAUSES,enables,"The coffin’s history of once holding a pirate enables the imaginative perception that the boy resembles the pirate come to life, linking the object’s past with the current scene.",+,0.64,0.73,177,179
event/96b4b311,event/28f8e8b5,CAUSES,causes,"The phrasing and wording of the inscription lead the narrator to infer specific traits about his mother, prompting his childish conclusion.",+,0.86,0.9,15,16
event/b9be3e25,event/3502a40c,CAUSES,causes,"The man’s noticeable limping movement draws attention, prompting the cattle to raise their heads and watch him pass.",0,0.67,0.74,178,182
event/d7f09b8b,event/262fb8de,CAUSES,causes,The man’s direct request for the narrator to show where he lives prompts the narrator to point out the location of the village.,+,0.9,0.97,49,50
event/13df1f4a,event/9c9a24d0,CAUSES,prevents,"The speaker’s conditional command and implied threat are intended to stop the listener from revealing the encounter, thus preventing any speech or signals about having seen him.",-,0.84,0.86,124,125
event/3b82785c,event/e30331fb,CAUSES,enables,"Because they lived before photography, no images existed, so later impressions of them had to be inferred indirectly from their tombstones.",0,0.64,0.81,10,12
event/1a42e10d,event/2af64edc,CAUSES,enables,Picking his way among the nettles positions him to move also among the adjacent brambles that border the green mounds.,0,0.62,0.73,151,152
event/932e3405,event/eb8e1bf4,CAUSES,causes,"The speaker’s affirmative response and added detail give the listener new information to process, prompting him to pause and mutter while considering it.",+,0.71,0.79,84,87
event/4213b5a1,event/053465f5,CAUSES,prevents,"The prior twisting/pulling of his ankle numbs and stiffens his legs, reducing his sensation of pain so that he can get over the injury more easily.",-,0.54,0.6,155,157
event/f34f15d2,event/358b19a5,CAUSES,causes,"Not seeing any signs of him likely convinces the character he is gone or unreachable, prompting fear or urgency that leads them to run home without stopping.",+,0.78,0.8,186,188
event/f41528d9,event/ddf98077,CAUSES,causes,The man’s act of looking at the speaker precedes and motivates his decision to physically turn the speaker upside down.,+,0.63,0.7,52,53
event/279aad17,event/35a54733,CAUSES,causes,"Making a short run positions or prompts the person to stop, leading them to pause and look back over their shoulder, likely to check behind them.",0,0.6,0.76,75,77
event/01205b39,event/04beb116,CAUSES,causes,"His threatening question about whether Pip will be allowed to live heightens Pip’s awareness of his vulnerability, producing a stronger feeling of helplessness and danger.",-,0.86,0.93,101,104
event/b6af4129,event/02fe6274,CAUSES,enables,"His limping movement toward the church wall contributes to the eerie impression that he is escaping or eluding the dead, shaping how he appears to the observer.",+,0.5,0.64,149,153
event/04beb116,event/d21030e4,CAUSES,causes,"A stronger sense of helplessness and danger directly heightens fear, leading the speaker to feel dreadfully frightened.",+,0.92,0.96,104,113
event/f2699605,event/358b19a5,CAUSES,causes,"The narrator’s wondering about others’ opinions likely creates anxiety or urgency, motivating them to run home without stopping.",+,0.63,0.7,184,188
event/9795a963,event/ab66d876,CAUSES,enables,"Trying to dissuade him helps the speaker maintain their moral or emotional position, supporting their resolve to stay consistent with that stance.",+,0.47,0.61,68,70
event/84387e42,event/82bd848c,CAUSES,causes,"The man’s threatening shake of his head expresses intimidation, prompting or reinforcing his verbal statement that he is half inclined to do something, likely a threat or harsh action.",+,0.64,0.7,66,67
event/c2cd321c,event/1fbc8df7,CAUSES,causes,"The man’s lack of proper clothing and footwear in presumably harsh conditions leads to physical discomfort and distress, producing limping, shivering, glaring, growling, and chattering teeth.",-,0.92,0.94,41,43
event/13df1f4a,event/3b89f491,CAUSES,enables,"Bringing the lot to the speaker at the specified place facilitates his plan involving others, explaining why he is not alone.",+,0.6,0.63,124,128
event/fd6e30e4,event/80d9815d,CAUSES,enables,"Giving up the struggle to make a living early suggests a withdrawal from worldly pursuits, which enables the condition of never having taken them out in this existence.",0,0.63,0.71,19,22
event/bb0ab1a9,event/9d4826eb,CAUSES,prevents,"The speaker implies the young man’s special way of reaching a boy’s heart and liver would harm the listener, and states they are actively keeping him from doing so.",-,0.79,0.86,131,135
event/cc3c5b2c,event/d721ba2e,CAUSES,enables,The demand to bring them both is a conditional requirement whose fulfillment prevents the threatened violence; the condition enables the alternative to the threatened harm.,+,0.7,0.78,109,111
event/74e4ec3b,event/d4b3ba3d,CAUSES,causes,"The boy’s terrified plea prompts the man to respond and engage further, leading him to speak again and say “Once more.”",+,0.73,0.78,45,47
event/3b5d10c4,event/04dfa728,CAUSES,causes,"Tilting someone physically disrupts balance and inner ear equilibrium, directly producing a giddy, dizzy feeling.",+,0.86,0.9,112,114
event/094860c9,event/13ae11ec,CAUSES,enables,"The fearful terms likely constitute a threat or condition that, if complied with, allows the addressee to be spared and permitted to live.",+,0.63,0.62,122,126
event/dff3750c,event/8d93d9a6,CAUSES,causes,Being suddenly frightened or shocked by the thought prompts the narrator to search the surroundings for the terrifying young man.,+,0.78,0.83,181,185
event/8d93d9a6,event/a4ef5b2f,CAUSES,aggravates,"Looking around for the horrible young man renews awareness of the threat, increasing the narrator’s sense of danger and thus intensifying their fear.",+,0.68,0.72,185,187
event/3b89f491,event/bb0ab1a9,CAUSES,enables,"The speaker’s insistence that he is not alone implies the presence/influence of the young man, enabling his secret way of affecting the boy emotionally and psychologically.",+,0.62,0.63,128,131
event/d8cf9c97,event/b6af4129,CAUSES,enables,"Hugging his shuddering body helps him physically and psychologically stabilize himself enough to move, allowing him to limp toward the church wall.",+,0.63,0.72,147,149
event/1596267d,event/04beb116,CAUSES,causes,"Tilting the person further increases physical instability and vulnerability, directly intensifying their subjective sense of helplessness and danger.",-,0.97,0.98,103,104
event/1018d19f,event/85bca813,CAUSES,causes,"Turning around to look for the speaker likely alerted them or gave an opportunity, prompting the speaker to run or move quickly.",+,0.64,0.63,158,161
event/a810a518,event/d7ce68d3,CAUSES,enables,Saying he would get him the file is part of a promise whose fulfillment involves going to him at the Battery early; the commitment motivates and justifies the later visit.,+,0.74,0.81,138,140
event/053465f5,event/1018d19f,CAUSES,enables,"Recovering from the numb, stiff state allows him to move again, which in turn enables him to turn around and look for the narrator.",+,0.78,0.86,157,158
event/444ddda0,event/1fbc8df7,CAUSES,causes,"His fearful condition, coarse clothing, and leg iron imply cold, pain, and distress, which lead to his limping, shivering, glaring, growling, and chattering teeth.",-,0.86,0.86,40,43
event/d21030e4,event/04dfa728,CAUSES,causes,"Intense fear triggers a strong physiological response (e.g., adrenaline, rapid heartbeat) that can lead to lightheadedness and dizziness, making the person feel giddy.",-,0.86,0.88,113,114
event/bf49e657,event/b77dbe50,CAUSES,enables,"His pause to consider leads to the speculative statement about letting the other live, enabling that conditional threat to be voiced.",-,0.73,0.8,86,89
event/01205b39,event/e76ab6c2,CAUSES,enables,"The speaker questions whether the listener will be allowed to live, implicitly threatening death unless a condition is met, thereby enabling/coercing the demand to get a file.",+,0.8,0.79,101,105
event/088dd70e,event/22f30416,CAUSES,causes,"The man’s threat and demand (“Say Lord strike you dead…”) intimidate and coerce Pip, prompting him to recall his promise and go home to fulfill it, as the man immediately follows by pressing him to remember and act.",+,0.83,0.84,141,142
event/82bd848c,event/13c084be,CAUSES,causes,Having half a mind to act implies an intention or emotional impulse that leads him to hold tighter to the tombstone and to the person on it.,+,0.63,0.65,67,69
event/09c38e9b,event/05df8b00,CAUSES,causes,Seeing him turning prompts the narrator to react by looking over their shoulder to check or follow his movement.,+,0.76,0.8,159,162
event/84387e42,event/13c084be,CAUSES,causes,"The man’s threatening gesture intimidates the narrator, prompting him to cling more tightly to the tombstone for safety or support.",-,0.79,0.86,66,69
event/088dd70e,event/b7ae7e88,CAUSES,aggravates,"The man’s aggressive demand intensifies the speaker’s distress or aversion to their situation, contributing to a hyperbolic wish to be something else (a frog).",-,0.42,0.63,141,145
event/01b3f289,event/b51d09a9,CAUSES,causes,"Being tilted back physically orients the narrator’s face upward, leading their eyes to look helplessly up into his.",+,0.86,0.88,98,100
event/13ae11ec,event/2e74e82a,CAUSES,enables,The condition of being let to live allows the young man to remain alive and thus capable of hearing the speaker’s words.,+,0.63,0.64,126,130
event/fc97900b,event/638e6668,CAUSES,enables,"Keeping upright would physically allow the speaker to focus better, so the request to remain upright would enable greater attentiveness.",+,0.82,0.86,116,118
event/44060875,event/a05d1173,CAUSES,enables,"The presence of the gibbet allows the man’s appearance to be interpreted as the pirate’s corpse come to life and descended from it, shaping the comparison.",0,0.62,0.73,175,179
event/3e5b1c03,event/92593720,CAUSES,causes,"The sight of the boy’s fat cheeks prompts the man’s appetitive reaction, leading him to lick his lips as he speaks.",+,0.78,0.83,60,61
event/4c6b4f53,event/7457e8c0,CAUSES,causes,"The description of the marshes as a dark, flat wilderness leads to their visual appearance as a long black horizontal line in the distance.",0,0.69,0.78,31,168
event/58a1550c,event/c44b846d,CAUSES,enables,Stopping to look at the marshes allows the observer to notice and faintly make out the two black things on the river’s edge.,+,0.77,0.78,167,171
event/9d4826eb,event/e4b37495,CAUSES,causes,Actively restraining the young man directly results in the difficulty of holding him off; the effort is a consequence of the ongoing prevention of harm.,-,0.9,0.93,135,136
event/e4b37495,event/d7ce68d3,CAUSES,enables,Her difficulty in resisting the young man’s attraction makes her more likely to go meet him at the Battery early in the morning.,+,0.69,0.7,136,140
event/9102df6e,event/df5a27b6,CAUSES,causes,"Emptying the pockets reveals their contents, showing that only a piece of bread is inside.",0,0.71,0.85,54,55
event/ad5b6c6b,event/4097d9c3,CAUSES,causes,His exclamation is accompanied by a physical reaction; the emotional intensity of saying it leads him to clasp himself as if to hold himself together.,+,0.69,0.76,144,148
event/dbb7feb8,event/c94e9895,CAUSES,enables,"The narrator’s early broad impression of identity likely includes understanding who his deceased family members were, enabling recognition that Philip Pirrip and others are dead and buried.",0,0.42,0.6,25,28
event/4c6b4f53,event/b4b7d7bc,CAUSES,enables,"The marshland environment provides the type of terrain and vegetation suitable for grazing, making it possible for cattle to feed there.",+,0.73,0.8,31,32
event/df5a27b6,event/9e14d91a,CAUSES,causes,"Finding only a piece of bread in the cupboards leads him to eat that bread as his available food, and his hunger explains the ravenous manner of eating.",+,0.78,0.84,55,59
event/82bd848c,event/ab66d876,CAUSES,causes,"Having half a mind to act leads the speaker to remain in that state partly to maintain or justify that inclination, thus staying committed to the idea.",+,0.63,0.69,67,70
event/cb11de79,event/198a770a,CAUSES,enables,The question about whether the other person is the father prompts the response clarifying that he too is of the parish; the question enables the specific reply.,0,0.71,0.8,83,85
event/ff53969a,event/86c11f9a,CAUSES,causes,"Because he could only say Pip as a child, this is the basis for inferring that his family name, and thus his father’s name, was Pirrip.",+,0.64,0.69,0,3
event/444ddda0,event/683d217a,CAUSES,causes,"The man’s fearful, threatening presence and physical proximity lead him to grab the narrator by the chin as an act of intimidation or control.",-,0.76,0.8,40,44
event/85bca813,event/05df8b00,CAUSES,enables,"Using his legs implies moving away or running, which leads to the need to check behind by looking over his shoulder.",0,0.6,0.68,161,162
event/86c11f9a,event/b4b405d2,CAUSES,causes,The fact that his father’s family name appears on the tombstone is the basis for him giving Pirrip as his father’s name.,+,0.76,0.85,3,4
event/29ec39d5,event/9d4826eb,CAUSES,causes,The boy’s attempt to hide from the young man creates or maintains a situation in which the speaker is actively keeping the young man from harming the boy.,+,0.56,0.58,132,135
event/f8dfca42,event/85bca813,CAUSES,causes,Deciding to go home motivates and initiates the action of walking quickly toward that destination.,+,0.86,0.9,160,161
event/10e4fcca,event/e46fa1ab,CAUSES,enables,"The speaker’s compliance in providing food (“wittles”) likely enables the other character to continue handling or manipulating him, including tilting him again.",0,0.54,0.63,107,108
event/3b5d10c4,event/32bd6a82,CAUSES,causes,"Tilting destabilizes the narrator’s balance, prompting a reflexive reaction to hold on tightly for support and to avoid falling.",+,0.84,0.88,112,115
event/29ec39d5,event/e4b37495,CAUSES,causes,"The impossibility of hiding from the young man leads to his persistent pursuit, which in turn makes it very hard to keep him away from the boy’s inner self.",+,0.76,0.78,132,136
event/1fbc8df7,event/563c1f45,CAUSES,causes,"The frightening appearance and behavior of the limping, shivering, glaring, growling man with chattering teeth terrifies the narrator, prompting them to plead in fear.",-,0.93,0.95,43,46
event/90f82186,event/683d217a,CAUSES,causes,The threat and command are delivered as he grabs the narrator’s chin; the verbal threat is causally tied to the physical act of seizing to intimidate and control.,-,0.83,0.78,39,44
event/b51d09a9,event/d21030e4,CAUSES,causes,"The narrator’s helpless gaze into his eyes makes her aware of her vulnerability and dependence, intensifying her emotional response and leading to dread and fear.",+,0.78,0.86,100,113
event/dbd279e1,event/9d4826eb,CAUSES,enables,"The boy’s actions to hide and secure himself (locking door, covering up) enable the speaker’s claim that they are currently preventing the young man from causing harm.",-,0.62,0.63,133,135
event/d21030e4,event/32bd6a82,CAUSES,causes,"Being dreadfully frightened motivates a physical seeking of safety and support, leading the speaker to cling to him with both hands.",+,0.97,0.97,113,115
event/d7f09b8b,event/ddf98077,CAUSES,causes,"The man’s demand to show where he lives prompts physical coercion, resulting in the speaker being turned upside down to force compliance or information.",-,0.77,0.78,49,53
event/924bad1e,event/b51d09a9,CAUSES,causes,"The powerful gaze from his eyes elicits a helpless, upward gaze in the narrator, suggesting a response of submission or captivation.",+,0.9,0.93,99,100
event/dbd279e1,event/e4b37495,CAUSES,enables,"The boy’s locking the door and hiding in bed makes it harder for someone outside (the speaker) to reach or restrain him, thus enabling the difficulty in holding him off the other’s inside.",0,0.63,0.62,133,136
event/d22bfe36,event/dbb7feb8,CAUSES,enables,"Growing up in the marsh country by the river provides the environmental context and sensory experiences that enable the narrator’s first vivid, broad impression of the identity of things.",0,0.79,0.86,23,25
event/1596267d,event/9b2f811b,CAUSES,causes,The repeated tilting after each question implies a pattern where prior tilting sets up the situation and leads naturally to him tilting the speaker again.,+,0.72,0.78,103,106
event/c0338f19,event/5ba94de8,CAUSES,causes,"The question prompts the narrator to respond by offering help, leading them to promise to get broken bits of food.",+,0.64,0.73,137,139
event/65951c40,event/8f56e35c,CAUSES,causes,"The sight of the five little stone lozenges beside the grave impresses the narrator, leading him to form and hold a strong, almost religious belief connected to them.",+,0.71,0.78,17,20
event/09c38e9b,event/e8d7548a,CAUSES,enables,Seeing him turning is the observation that precedes and allows the narrator to notice him continuing on towards the river; the first event sets up the context for the second but does not directly cause his motion.,0,0.57,0.76,159,163
event/3502a40c,event/8d93d9a6,CAUSES,causes,Seeing the cattle react unusually by lifting their heads makes the narrator suspect something and prompts them to look around for the young man who caused the disturbance.,+,0.77,0.84,182,185
event/cc3c5b2c,event/78bb8d18,CAUSES,enables,"The initial instruction to bring both items to him sets up and enables the later, more specific request for the file and food to be delivered the next morning.",+,0.66,0.7,109,123
event/bc842ab2,event/04beb116,CAUSES,enables,Asking if he knows what a file is sets up the intimidation and psychological manipulation that increases his sense of helplessness and danger.,-,0.63,0.7,102,104
event/0690c0bb,event/5ee56164,CAUSES,causes,"First fancies about their nature lead the narrator to form a specific, though inaccurate, mental image of the person’s appearance.",+,0.76,0.84,11,14
event/28349599,event/d64d97ac,CAUSES,enables,The full utterance includes both the exclamation and its content; the inclusion of the added sentence helps constitute and thus enable the shorter quoted portion as part of the speech act.,+,0.27,0.39,78,79
event/01205b39,event/1596267d,CAUSES,enables,"The question concerns whether the listener is allowed to live, creating the interrogative situation in which he physically tilts the listener after each question as a method of coercion.",-,0.7,0.78,101,103
event/3813cb18,event/638e6668,CAUSES,enables,"If the speaker were not sick, that condition would allow or make it easier for them to attend more often.",+,0.86,0.9,117,118
event/bb0ab1a9,event/dbd279e1,CAUSES,enables,"The young man’s special way of reaching a boy emotionally makes the boy feel threatened or vulnerable, prompting him to seek safety by locking his door and hiding in bed.",-,0.7,0.71,131,133
event/12ea4f34,event/dff3750c,CAUSES,causes,"Realizing the place had once held a pirate triggers fear and shock in the narrator, leading to the terrible turn.",-,0.88,0.9,177,181
event/d721ba2e,event/d21030e4,CAUSES,causes,"The explicit violent threat directly induces fear in the listener, making them dreadfully frightened.",-,0.97,0.98,111,113
event/b6af4129,event/2b256bcd,CAUSES,causes,"Because he limps toward the church wall, the observer later sees him going and carefully picking his way among the nettles.",+,0.74,0.78,149,150
event/10e4fcca,event/b7880c6e,CAUSES,enables,"The speaker’s compliance in providing food (“wittles”) likely enables the other character to continue handling or manipulating him, including tilting him again.",0,0.54,0.63,107,110
event/c44b846d,event/44060875,CAUSES,enables,The narrator’s ability to faintly make out two black things includes recognizing that one of them is a gibbet; perceiving the scene allows identifying the gibbet.,0,0.64,0.79,171,175
event/85bca813,event/e8d7548a,CAUSES,causes,Using his legs to move quickly allows the narrator to close distance and observe the man continuing toward the river.,+,0.64,0.71,161,163
event/1018d19f,event/09c38e9b,CAUSES,causes,The act of him turning around is the event that the narrator observes; his turning directly results in the narrator seeing him turn.,+,0.93,0.9,158,159
event/b4b7d7bc,event/3502a40c,CAUSES,causes,The presence of scattered cattle feeding nearby makes it possible for them to notice the person’s movement and then raise their heads to watch him.,+,0.7,0.66,32,182
event/32bd6a82,event/94b40161,CAUSES,aggravates,"The child’s clinging with both hands likely makes the adult swing him more vigorously or playfully, intensifying the dip and roll that follows.",+,0.7,0.7,115,119
event/0690c0bb,event/68c1242a,CAUSES,enables,The narrator’s early imaginative ideas about their nature shape how he perceives and focuses on the literal form of his father’s letters.,+,0.47,0.54,11,13
event/02fe6274,event/053465f5,CAUSES,enables,"His intense, haunted gaze suggests a mental struggle with memories of the dead, and this confrontation with his inner fear enables him to move past the paralysis and recover his composure.",0,0.6,0.6,153,157
event/3b5d10c4,event/fc97900b,CAUSES,causes,"Being tilted makes the speaker uncomfortable or distressed, prompting the polite request to be kept upright.",-,0.77,0.86,112,116
event/a810a518,event/22f30416,CAUSES,causes,The speaker’s promise to get the file prompts the other character to press him to remember his commitment and to send him home to fulfill it.,+,0.7,0.78,138,142
event/c2cd321c,event/33300d9f,CAUSES,aggravates,"The man’s prior poverty and lack of proper clothing/footwear make him more vulnerable to environmental hazards, worsening the physical injuries and discomfort he suffers from water, mud, stones, flints, nettles, and briars.",-,0.71,0.79,41,42
event/78bb8d18,event/13df1f4a,CAUSES,causes,The demand to bring a file and food the next morning is the reason and instruction that leads to the addressee bringing the items to the specified location.,+,0.9,0.94,123,124
event/78bb8d18,event/a810a518,CAUSES,enables,"The demand for a file and food creates a situation in which the speaker agrees to fetch them, enabling his stated intention to get the file.",+,0.84,0.86,123,138
event/3537150d,event/f2699605,CAUSES,enables,"Seeing the cattle lift their heads provides a cue that prompts the narrator to speculate about what the cattle might think, enabling the wondering.",0,0.7,0.83,183,184
event/10e4fcca,event/cc3c5b2c,CAUSES,causes,Getting him food is the condition required before bringing both items to him; the demand for food sets up the subsequent demand to bring both.,+,0.62,0.67,107,109
event/3e5b1c03,event/388d9c2b,CAUSES,enables,"The man’s remark draws attention to the narrator’s cheeks, prompting the narrator to consider and acknowledge that they were indeed fat.",+,0.78,0.82,60,62
event/01205b39,event/bc842ab2,CAUSES,enables,"By asserting control over Pip’s fate, he intimidates him into compliance, enabling him to proceed with questioning, including asking if Pip knows what a file is.",+,0.78,0.86,101,102
event/84387e42,event/9795a963,CAUSES,causes,The man’s threatening gesture and words prompt the speaker to respond by earnestly expressing hope that the man will not carry out the implied threat.,-,0.78,0.82,66,68
event/3502a40c,event/3537150d,CAUSES,causes,"The description marks the moment of observation of an action (seeing) that coincides with or introduces the action itself (cattle lifting heads), treating the cause as the narrative cue for the effect.",+,0.62,0.68,182,183
event/444ddda0,event/33300d9f,CAUSES,causes,"The man’s fearful escape or desperate flight through harsh terrain leads to him being soaked, muddied, lamed, cut, stung, and torn by natural obstacles.",-,0.83,0.86,40,42
event/bd898780,event/78bb8d18,CAUSES,enables,"Holding the narrator upright and intimidating him makes him compliant, enabling the convict to demand the file and food for the next morning.",+,0.74,0.79,121,123
event/683d217a,event/e795d099,CAUSES,enables,"Grabbing the narrator by the chin positions and compels him to repeat the action or speech the man demands, thereby enabling the command to be carried out.",+,0.7,0.78,44,48
event/d64d97ac,event/d08d256e,CAUSES,causes,"The timid exclamation draws the other character’s attention, prompting his verbal reaction and return to engagement (“coming back”).",+,0.76,0.84,79,81
event/3d8b7b26,event/bb0ab1a9,CAUSES,enables,"The threat of tearing out, roasting, and eating heart and liver informs the young man’s ‘secret way’ of getting at a boy’s heart and liver, conceptually grounding his method in that earlier violent idea.",-,0.7,0.78,127,131
event/78bb8d18,event/13ae11ec,CAUSES,enables,Providing the file and food is the condition that allows the speaker to permit the other person to live; fulfilling the demand enables their survival.,+,0.96,0.96,123,126
event/9c9a24d0,event/057be3e2,CAUSES,enables,"By refusing to reveal having seen the speaker, the listener indirectly allows the continued concealment of the even more disreputable young man hidden with the speaker.",+,0.63,0.72,125,129
event/0690c0bb,event/96b4b311,CAUSES,enables,"The narrator’s prior expectations about what the deceased were like shape how he attends to and interprets the inscription about Georgiana, enabling the specific reaction or understanding of that phrase.",0,0.52,0.72,11,15
event/094860c9,event/9c9a24d0,CAUSES,enables,"The speaker continues speaking in fearful terms, which sets up and delivers the threat that the listener must never speak or signal about having seen him.",-,0.79,0.78,122,125
event/a810a518,event/5ba94de8,CAUSES,enables,"Saying he would get the file is part of a broader promise to help, which contextually includes getting him broken bits of food; the first commitment supports or co-occurs with the second action.",+,0.43,0.46,138,139
event/35261591,event/90f82186,CAUSES,causes,"Pip’s crying and visible fear provoke the threatening response, as the speaker reacts to the noise and distress by threatening violence to silence him.",-,0.75,0.79,35,39
event/d64d97ac,event/21fd5641,CAUSES,causes,"The timid exclamation draws the other character’s attention, prompting his verbal reaction and return to engagement (“coming back”).",+,0.76,0.84,79,82
event/2119561a,event/01b3f289,CAUSES,enables,"His moving closer to the tombstone positions him so he can physically grasp and tilt it back, making the tilting action possible.",+,0.86,0.88,96,98
event/9e14d91a,event/3e5b1c03,CAUSES,causes,"Seeing the young man eat ravenously draws the man’s attention to him, prompting the remark about his fat cheeks as part of his reaction to the boy’s appetite and appearance.",+,0.63,0.73,59,60
event/3e5b1c03,event/e250f02e,CAUSES,causes,"The man’s comment and attention to the boy’s fat cheeks initiates his predatory interest, leading him to repeatedly look darkly at the boy’s leg and face, assessing him as potential prey.",-,0.72,0.79,60,95
event/2b256bcd,event/4213b5a1,CAUSES,causes,His movement through the nettles creates the opportunity and conditions for someone to twist his ankle and pull him in.,-,0.73,0.78,150,155
event/90f82186,event/33300d9f,CAUSES,causes,"The violent threat compels the boy to keep still, which leaves him exposed and unable to avoid the harsh physical conditions that result in him being soaked, muddied, lamed, cut, stung, and torn.",-,0.8,0.78,39,42
event/1a42e10d,event/02fe6274,CAUSES,enables,"His careful movement among the nettles suggests wariness and avoidance, which enables the narrator to perceive him as if he were eluding the grasp of dead people.",+,0.66,0.7,151,153
event/1018d19f,event/05df8b00,CAUSES,causes,The first character turning to look for the narrator prompts the narrator to respond by looking back over their shoulder.,+,0.73,0.76,158,162
event/9f8ddc2a,event/b4b405d2,CAUSES,enables,The inscription on his tombstone provides the basis or justification for the narrator choosing and using the name Pip.,+,0.68,0.72,1,4
event/ee808686,event/cdd12b92,CAUSES,causes,"The question about the mother likely prompts an emotional or cognitive reaction that interrupts the character’s action, leading them to stop.",0,0.7,0.73,73,76
event/06fd1a82,event/3d2209f9,CAUSES,enables,"Pip’s mention of Joe Gargery and his trade as a blacksmith gives the interrogator the information prompting the remark “Blacksmith, eh?”",0,0.71,0.86,91,93
event/03a16122,event/30e7b4c2,CAUSES,causes,"Being undersized for his age implies physical underdevelopment, which directly contributes to a lack of bodily strength.",-,0.78,0.9,63,64
event/4097d9c3,event/b6af4129,CAUSES,enables,"Clasping himself helps him physically stabilize his body, allowing him to limp toward the church wall despite his condition.",-,0.66,0.71,148,149
event/9d4826eb,event/c0338f19,CAUSES,enables,"By preventing the young man from harming the listener, the speaker creates a safe situation that allows them to ask for a response, making the question socially and physically possible.",0,0.7,0.79,135,137
event/44060875,event/dff3750c,CAUSES,causes,"Seeing or imagining the gibbet triggers a strong emotional and physical shock, leading the narrator to experience a terrible startle or fright.",-,0.83,0.88,175,181
event/74e4ec3b,event/563c1f45,CAUSES,causes,"The fear of having his throat cut motivates the speaker to plead in terror, so the perceived threat directly causes the pleading response.",-,0.88,0.93,45,46
event/d7ce68d3,event/22f30416,CAUSES,enables,Pip’s coming to him early at the Battery allows the convict to remind him of their agreement and command him to go home and fulfill it.,+,0.63,0.74,140,142
event/6fb5cdfb,event/fe35090c,CAUSES,enables,"Having chains attached makes it possible for the character to hook himself back up to them afterward, facilitating his return to the bound state.",0,0.78,0.78,176,180
event/74e4ec3b,event/e795d099,CAUSES,aggravates,"Pip’s terrified pleading signals weakness and desperation, encouraging the man to press his demand more forcefully and impatiently.",-,0.63,0.79,45,48
event/09c38e9b,event/f8dfca42,CAUSES,causes,"Seeing him turning likely prompts an emotional or practical decision, leading the narrator to choose to go home.",+,0.72,0.78,159,160
event/9e14d91a,event/92593720,CAUSES,causes,Eating the bread ravenously likely leaves crumbs or taste prompting him to lick his lips afterward as a direct physical consequence.,+,0.7,0.78,59,61
event/c0338f19,event/a810a518,CAUSES,causes,"The direct question prompts the speaker to respond with a commitment to get the file, functioning as an immediate conversational cause of the decision and statement.",+,0.82,0.86,137,138
event/fb5d8b17,event/c2cd321c,CAUSES,enables,"The man’s sudden rising from among the graves reveals his physical appearance, allowing the description of his hatless head, broken shoes, and rag to become apparent.",0,0.63,0.81,37,41
event/e4b37495,event/5ba94de8,CAUSES,enables,"Her difficulty in keeping the young man away creates an obligation or motivation for her to find and give him food, making the food-giving possible or likely.",+,0.58,0.62,136,139
event/65951c40,event/f996f4a5,CAUSES,causes,"The existence and arrangement of the five stone lozenges functions as a memorial marker, thereby making them sacred to the memory of the five brothers.",+,0.69,0.8,17,18
event/46f1e07c,event/0690c0bb,CAUSES,causes,"Not seeing the father leaves a gap in direct knowledge, prompting the narrator to imagine and construct first ideas about what fathers are like.",0,0.86,0.87,7,11
event/fe35090c,event/3537150d,CAUSES,causes,"The man’s movement to return and reconnect himself draws the cattle’s attention, prompting them to lift their heads and watch him.",+,0.7,0.76,180,183
event/e250f02e,event/568f5a05,CAUSES,causes,"The repeated dark looks at his leg and the narrator suggest rising emotion or decision, culminating in the physical act of grabbing the narrator by both arms.",-,0.73,0.78,95,97
event/568f5a05,event/924bad1e,CAUSES,enables,"Grasping the narrator’s arms stabilizes and draws them closer, physically positioning their faces so that his eyes can gaze intensely into theirs.",+,0.68,0.74,97,99
event/b8b9a5de,event/053465f5,CAUSES,prevents,"If the dead had succeeded in twisting his ankle and pulling him in, he would not have been able to get over the obstacle; their failed attempt indirectly allows his recovery and movement.",+,0.47,0.62,154,157
event/1fbc8df7,event/683d217a,CAUSES,causes,"His threatening, unstable physical state and aggressive demeanor lead directly into the action of seizing the narrator by the chin.",+,0.7,0.77,43,44
event/bb0ab1a9,event/13e437c2,CAUSES,causes,The young man’s peculiar way of reaching a boy emotionally and internally enables his later ability to approach and tear him open; his intimate access leads to the violent act.,-,0.88,0.86,131,134
event/eb8e1bf4,event/943d6f9d,CAUSES,causes,His muttering while considering reflects a thinking process that directly leads to him asking the question about who the other lives with.,+,0.78,0.79,87,88
event/cdd12b92,event/d64d97ac,CAUSES,causes,Stopping creates a pause and opportunity that leads the narrator to timidly speak and point something out to the addressed ‘sir’.,+,0.63,0.7,76,79
event/3b82785c,event/5ee56164,CAUSES,enables,"Because there were no photographs, the narrator had to rely on imagination or indirect descriptions, which allowed him to form his own mental image of the man.",0,0.79,0.82,10,14
event/a8270e8c,event/d8cf9c97,CAUSES,causes,"The fearful or disgusting image of an eel triggers a physical reaction of revulsion and fear, leading him to hug his shuddering body as if to keep himself together.",-,0.7,0.65,146,147
event/d216f955,event/2fef2e83,CAUSES,enables,"Identifying her as Pip’s sister, Mrs. Joe Gargery, sets up the information that she is married to the blacksmith; the first clause introduces the subject that the second elaborates on.",0,0.53,0.7,5,6
event/71a0e894,event/dbb7feb8,CAUSES,enables,"The setting near the sea and winding river provides a vivid, distinctive environment that enables the narrator to form a strong early impression of the identity of things.",+,0.5,0.6,24,25
event/9c9a24d0,event/13ae11ec,CAUSES,enables,"Her silence and failure to reveal having seen him is a condition he sets for sparing her life, enabling the outcome that she is allowed to live.",+,0.9,0.92,125,126
event/28349599,event/d08d256e,CAUSES,causes,"The timid explanation, pointing out Georgiana and stating she is the speaker’s mother, prompts the listener’s exclamation and return of attention or physical movement toward the speaker.",+,0.74,0.83,78,81
event/1fbc8df7,event/74e4ec3b,CAUSES,causes,"The man’s threatening, menacing appearance and behavior terrify the narrator, prompting a desperate verbal plea not to be harmed.",+,0.9,0.9,43,45
event/21fd5641,event/cb11de79,CAUSES,enables,"His returning initiates or resumes the conversation, which leads him to ask the question about the listener’s father and mother.",0,0.6,0.64,82,83
event/30e7b4c2,event/5b47294a,CAUSES,aggravates,"The narrator’s admission of weakness emboldens the man, intensifying his domineering and threatening attitude, leading him to boast he could eat them.",-,0.53,0.6,64,65
event/80747884,event/35261591,CAUSES,enables,"Realizing the wind comes from the sea frames the environment as vast and threatening, enabling Pip’s fear and tears by providing a concrete, ominous source to be afraid of.",-,0.63,0.68,34,35
event/6fb5cdfb,event/12ea4f34,CAUSES,enables,"Chains hanging from the gibbet are remnants of the restraints that once held the pirate, making it possible for the pirate to have been secured there in the past.",0,0.63,0.71,176,177
event/9f8ddc2a,event/86c11f9a,CAUSES,enables,Calling himself Pip is based on his family name Pirrip; his self-naming practice reflects and enables him to state his father’s family name as Pirrip.,+,0.55,0.6,1,3
event/e6bdb737,event/3d2209f9,CAUSES,causes,Hearing that Joe Gargery is a blacksmith prompts the interlocutor to repeat and question the occupation with interest.,+,0.82,0.88,92,93
event/78bb8d18,event/3d8b7b26,CAUSES,prevents,"The threat that his organs will be torn out and eaten is meant to coerce him into bringing the file and food, using fear of harm to prevent disobedience.",-,0.86,0.86,123,127
event/7457e8c0,event/c44b846d,CAUSES,enables,The darkness and indistinct outline of the marshes create visual conditions where only a few black objects stand out and can be faintly discerned.,0,0.65,0.76,168,171
event/13e437c2,event/9d4826eb,CAUSES,prevents,The speaker’s present action of keeping the young man away stops him from creeping up and tearing the other person open.,-,0.96,0.94,134,135
event/b51d09a9,event/01205b39,CAUSES,enables,"The speaker sees the narrator’s helpless gaze, which prompts or enables him to address the question of whether the narrator will be allowed to live.",+,0.72,0.76,100,101
event/b4b405d2,event/46f1e07c,CAUSES,enables,"The narrator’s lack of direct knowledge of his father means he must rely on secondary sources, such as the tombstone, as an authority about him.",0,0.68,0.68,4,7
event/13e437c2,event/e4b37495,CAUSES,causes,The young man creeping toward and tearing him open is the direct threat that makes it hard to keep the young man away from his insides; the described impending attack causes the difficulty in holding him off.,-,0.86,0.87,134,136
event/d22bfe36,event/d9c41ae0,CAUSES,enables,"Living in the marsh country places the narrator near the bleak, nettle-grown churchyard, making it possible for him to discover that the place is in fact the churchyard.",0,0.47,0.7,23,27
event/d7ce68d3,event/c44b846d,CAUSES,enables,"Arriving early at the Battery positions the narrator at the river’s edge at that specific time, enabling him to observe and faintly make out the two black things in the distant prospect.",+,0.56,0.64,140,171
event/5b47294a,event/13c084be,CAUSES,causes,"His desire to eat the boy and accompanying threat motivate him to hold the boy more tightly against the tombstone, reinforcing his control.",-,0.78,0.83,65,69
event/3b82785c,event/68c1242a,CAUSES,enables,The absence of photographs in earlier times makes written letters and their shapes an important medium for memory and representation of the father.,+,0.53,0.64,10,13
event/ddf98077,event/6985cfc3,CAUSES,causes,"Turning the observer upside down directly produces the perception of the world inverted, with the steeple appearing under their feet and the object going head over heels.",+,0.9,0.9,53,56
event/10e4fcca,event/d721ba2e,CAUSES,enables,The threat of having his heart and liver taken out is used as coercion to ensure compliance in getting food (“wittles”); the demand for food sets the condition under which the threat is issued.,-,0.76,0.8,107,111
event/04beb116,event/e46fa1ab,CAUSES,causes,Tilting the speaker again is done for the purpose of increasing their sense of helplessness and danger; the action is a direct means to produce that emotional state.,+,0.78,0.9,104,108
event/35a54733,event/d64d97ac,CAUSES,enables,"The person stopping and looking over his shoulder provides an opportunity or cue for the narrator to speak up and timidly explain, facilitating the utterance.",+,0.64,0.7,77,79
event/fb5d8b17,event/444ddda0,CAUSES,causes,"The man starting up from among the graves reveals his appearance and clothing, resulting in the description of him as fearful, in coarse grey, with an iron on his leg.",0,0.64,0.77,37,40
event/02fe6274,event/b8b9a5de,CAUSES,causes,"His fearful, evasive look imagines or invokes the dead reaching from their graves, turning his sense of being pursued by them into the image of hands grabbing his ankle.",-,0.7,0.74,153,154
event/b51d09a9,event/1596267d,CAUSES,enables,"Her helpless upward gaze likely encourages or permits his continued questioning and physical tilting, signaling vulnerability and lack of resistance.",+,0.62,0.68,100,103
event/113627e2,event/c44b846d,CAUSES,enables,"The river’s diminished breadth and darkness reduce overall visual contrast, making the remaining two black objects stand out and thus be faintly discernible.",+,0.71,0.78,169,171
event/13ae11ec,event/3d8b7b26,CAUSES,prevents,"Being let live is conditional on avoiding the punishment of having the heart and liver torn out; if you are allowed to live, the execution does not occur.",-,0.86,0.86,126,127
event/7457e8c0,event/27a8f32e,CAUSES,enables,"The clear visibility of the long black horizontal line of the marshes makes the beacon distinguishable as a guiding light for sailors, enabling them to steer by it.",+,0.64,0.71,168,172
event/b6af4129,event/ae8be187,CAUSES,enables,Limping toward the wall is the action that brings him to it; reaching the wall is the natural next step enabled by the approach.,+,0.84,0.9,149,156
event/cb11de79,event/932e3405,CAUSES,enables,"The question about Pip’s parents prompts him to respond by identifying them, enabling his statement about his father and mother.",0,0.7,0.78,83,84
event/90f82186,event/1fbc8df7,CAUSES,aggravates,"The violent threat heightens the character’s fear and distress, intensifying his shivering, glaring, growling, and chattering teeth.",-,0.7,0.78,39,43
event/bd898780,event/094860c9,CAUSES,enables,Holding the narrator upright and in place positions and restrains them so the speaker can continue addressing them in fearful terms.,0,0.86,0.86,121,122
event/04dfa728,event/3813cb18,CAUSES,prevents,Being giddy suggests excitement or lightheadedness that the narrator speculates might ward off or counteract feeling sick.,-,0.47,0.52,114,117
event/e795d099,event/f41528d9,CAUSES,causes,"The man’s command or prompting leads to a subsequent pause in which he turns his attention and looks at the narrator, producing the described moment of observation.",+,0.54,0.64,48,52
event/d02011f6,event/279aad17,CAUSES,enables,"The character runs in part as a strategy to distract themselves and prevent crying, so the motive to keep from crying mentally enables the decision to make a short run.",+,0.52,0.66,71,75
event/568f5a05,event/01b3f289,CAUSES,enables,"Holding the narrator by both arms provides physical leverage and support, allowing the person to tilt the narrator back without them falling.",+,0.93,0.95,97,98
event/a8270e8c,event/4097d9c3,CAUSES,causes,"The exclamation about an eel startles or frightens him, leading him to clasp himself as a physical reaction to shock or anxiety.",-,0.61,0.7,146,148
event/cc3c5b2c,event/3b5d10c4,CAUSES,enables,"The instruction to bring them both to the speaker prompts or licenses the physical action of tilting the speaker again, likely as part of ongoing handling or positioning.",0,0.42,0.6,109,112
event/29ec39d5,event/13e437c2,CAUSES,causes,"The boy’s attempt to hide prompts the young man to seek him out, leading to the young man creeping toward him and tearing him open.",-,0.9,0.86,132,134
event/932e3405,event/bf49e657,CAUSES,causes,The speaker’s confirmation and added detail prompts the listener to react with a muttered exclamation and reflective consideration.,+,0.64,0.78,84,86
event/3b5d10c4,event/d21030e4,CAUSES,causes,"The act of tilting the speaker again likely creates physical instability or threat, directly provoking intense fear.",+,0.77,0.76,112,113
event/04dfa728,event/638e6668,CAUSES,enables,"Being giddy suggests excitement or pleasure, which could motivate or make it easier for the person to attend more often.",+,0.55,0.53,114,118
event/9c9a24d0,event/3d8b7b26,CAUSES,prevents,"The threat of having one’s heart and liver torn out, roasted, and eaten is used as a deterrent to prevent the person from speaking or signaling about having seen the speaker.",-,0.91,0.9,125,127
event/f996f4a5,event/8f56e35c,CAUSES,causes,"The emotional significance and sacred memory of the five little brothers shapes and sustains the narrator’s deeply held religious belief, making that memory the psychological source of the belief.",+,0.71,0.78,18,20
event/cc3c5b2c,event/d21030e4,CAUSES,causes,"The speaker’s command implies a threatening or coercive intent, which directly intimidates the listener and makes them feel dread and fear.",-,0.71,0.8,109,113
event/568f5a05,event/01205b39,CAUSES,enables,"Grabbing the narrator by both arms physically restrains and focuses him, enabling the speaker to threaten and question whether he will be allowed to live.",-,0.84,0.86,97,101
event/057be3e2,event/2e74e82a,CAUSES,enables,Pip’s presence with the hidden young man allows him to address and be heard by the young man; close proximity enables the communication.,+,0.7,0.74,129,130
event/d02011f6,event/28349599,CAUSES,enables,"The desire to hold back tears motivates her to speak and explain timidly instead of breaking down, making the explanation possible as a coping action.",+,0.62,0.69,71,78
event/8d0c313b,event/d8cf9c97,CAUSES,causes,"Feeling the cold wet surroundings makes him physically cold and distressed, leading him to hug his shuddering body to preserve warmth and composure.",-,0.75,0.86,143,147
event/96b4b311,event/65951c40,CAUSES,enables,"The inscription implies the parents are buried there, which contextually enables understanding that the nearby five stone lozenges mark their children’s graves.",0,0.46,0.6,15,17
event/32bd6a82,event/3813cb18,CAUSES,enables,"Clinging to him with both hands suggests seeking comfort or support, which could help the speaker feel more secure and thus less likely to feel sick.",+,0.56,0.68,115,117
event/914df750,event/cdd12b92,CAUSES,causes,"The man's exclamation grabs attention or asserts authority, prompting the other party to stop what they are doing or saying.",+,0.83,0.84,72,76
event/e9d42c78,event/129d572c,CAUSES,aggravates,"Being seated on a high tombstone likely induces fear or instability, intensifying the narrator’s emotional and physical reaction, leading to trembling.",+,0.61,0.72,57,58
event/dbd279e1,event/13e437c2,CAUSES,causes,The boy’s attempts to hide and protect himself in bed prompt the young man to seek him out and violently breach that protection.,-,0.86,0.86,133,134
event/2af64edc,event/b8b9a5de,CAUSES,enables,The brambles around the mounds provide the physical means by which something from the graves can catch his ankle and pull him in.,-,0.72,0.79,152,154
event/e4f6d61e,event/8839c168,CAUSES,enables,The vivid description of the sky as angry red and dense black lines facilitates perceiving it as ugly when viewed up close.,-,0.68,0.73,170,174
event/e8d7548a,event/58a1550c,CAUSES,causes,"The narrator stops to look after him because he sees the man going on again towards the river, prompting the observational pause during which the marshes are described.",0,0.73,0.86,163,167
event/9102df6e,event/129d572c,CAUSES,causes,"Emptying the pockets likely occurred during or after a threatening or invasive act (e.g., robbery), which led to the narrator being placed on a tombstone and trembling with fear and shock.",-,0.7,0.72,54,58
event/a05d1173,event/3537150d,CAUSES,causes,"The boy’s dramatic, pirate-like appearance and movement down the hill draws the cattle’s attention, prompting them to lift their heads and stare.",+,0.8,0.83,179,183
event/92593720,event/388d9c2b,CAUSES,causes,"The man licking his lips suggests appetite or desire, which implies he finds the people fat or substantial enough to eat or enjoy, leading to his statement that they were fat.",+,0.63,0.68,61,62
event/32bd6a82,event/638e6668,CAUSES,enables,"Clinging to him with both hands suggests increased physical and emotional focus, which may help the narrator pay closer attention and thus attend more.",+,0.63,0.69,115,118
event/ab66d876,event/d02011f6,CAUSES,causes,Engaging in some action to keep oneself occupied helps distract from and thus avoid crying.,-,0.73,0.78,70,71
event/279aad17,event/cdd12b92,CAUSES,enables,Making a short run leads to a natural point where one slows and stops; the run sets up the condition that culminates in stopping.,0,0.52,0.63,75,76
event/e76ab6c2,event/cc3c5b2c,CAUSES,enables,Getting the file is a prerequisite step that allows the subsequent action of bringing both the items/persons to the speaker.,+,0.64,0.76,105,109
event/6fb5cdfb,event/b9be3e25,CAUSES,enables,"Chains hanging from the object likely encumber or weigh the man down, contributing to his limping movement toward it.",-,0.54,0.55,176,178
event/e4b37495,event/a810a518,CAUSES,enables,"The pressure of holding the young man off likely motivates or makes it more necessary for the speaker to promise getting the file, enabling the decision to comply.",+,0.5,0.65,136,138
event/afd9ead4,event/90f82186,CAUSES,causes,"The initial shouted command to be quiet escalates into a more explicit verbal threat, representing a continuation and intensification of the same intimidating act.",-,0.8,0.78,38,39
event/b7880c6e,event/04dfa728,CAUSES,causes,"Tilting someone physically disrupts balance and inner ear equilibrium, directly producing a giddy, dizzy feeling.",+,0.86,0.9,110,114
event/ff53969a,event/9f8ddc2a,CAUSES,causes,"Because the narrator as an infant could only pronounce the short form 'Pip' from the longer names, this led him to adopt and use 'Pip' as his own name.",+,0.95,0.97,0,1
event/7457e8c0,event/113627e2,CAUSES,enables,"Describing the marshes as a black horizontal line sets up a visual comparison that allows the river to be described in similar linear terms, enabling the perception of parallel horizontal forms.",0,0.51,0.78,168,169
event/8d93d9a6,event/358b19a5,CAUSES,causes,"Looking around for the horrible young man makes the narrator aware or fearful, prompting them to flee and run home without stopping.",+,0.7,0.79,185,188
event/68c1242a,event/28f8e8b5,CAUSES,causes,"The child infers the mother’s appearance from the appearance of the father’s handwritten letters, treating their shape or quality as evidence about her freckles and health.",+,0.76,0.78,13,16
event/ae8be187,event/053465f5,CAUSES,enables,"Reaching the low church wall presents an obstacle whose height and nature allow him to climb over it, despite his numbed and stiff legs.",+,0.7,0.78,156,157
event/e8d7548a,event/771ccb33,CAUSES,causes,"Going on towards the river entails continuing his journey, which leads him to walk among the great stones despite his sore feet.",-,0.67,0.78,163,165
event/ae8be187,event/1018d19f,CAUSES,causes,"Reaching the low church wall provides a natural stopping point or vantage, prompting him to turn and look back for the narrator.",+,0.76,0.78,156,158
event/ab66d876,event/302d0834,CAUSES,causes,"The speaker keeps himself partly upon something (likely a branch or ledge), creating a movement or disturbance that triggers the other person’s reaction, causing him to start.",+,0.62,0.63,70,74
event/9d4826eb,event/5ba94de8,CAUSES,enables,"By restraining the young man, the speaker retains the ability and time to collect and give broken bits of food, an act that might not be possible if the young man were free to harm.",+,0.62,0.69,135,139
event/74e4ec3b,event/d7f09b8b,CAUSES,enables,"The boy’s terrified pleading makes it clear he is vulnerable and compliant, prompting the man to command him to show where he lives rather than immediately harm him.",-,0.6,0.68,45,49
event/d721ba2e,event/04dfa728,CAUSES,causes,"The threat (“I’ll have your heart and liver out”) frightens or unsettles the listener, making them emotionally overwhelmed and thus feel giddy.",-,0.7,0.7,111,114
event/04beb116,event/9b2f811b,CAUSES,causes,Tilting the speaker again is done for the purpose of increasing their sense of helplessness and danger; the action is a direct means to produce that emotional state.,+,0.78,0.9,104,106
event/78bb8d18,event/9c9a24d0,CAUSES,causes,"The threat, conditioned on bringing the file and food, coerces silence: complying with the demand is tied to not speaking or signaling about the man’s presence.",-,0.86,0.86,123,125
event/22f30416,event/b7ae7e88,CAUSES,aggravates,"The threatening reminder and command intensify Pip’s distress and discomfort with his situation, prompting his escapist wish to be something else, like a frog.",-,0.68,0.78,142,145
event/02fe6274,event/4213b5a1,CAUSES,prevents,"Looking into the narrator’s eyes as if escaping the dead suggests an effort to avoid being dragged by them, which implicitly resists or counters the pull on his ankle.",-,0.53,0.58,153,155
event/2119561a,event/924bad1e,CAUSES,causes,"Coming closer reduces distance so their eyes align and intensify direct eye contact, making his gaze more powerful.",+,0.85,0.84,96,99
event/a4ef5b2f,event/358b19a5,CAUSES,causes,"The renewed fear motivates the narrator to flee quickly, directly prompting the continuous run home.",+,0.97,0.96,187,188
event/3d2209f9,event/568f5a05,CAUSES,enables,The blacksmith’s verbal address initiates the interaction and provides a social context in which he then physically takes the speaker by both arms.,0,0.6,0.68,93,97
event/3537150d,event/a4ef5b2f,CAUSES,causes,"The unexpected, collective gaze of the cattle on the character likely heightens his sense of being watched or threatened, triggering renewed fear.",-,0.7,0.78,183,187
event/b51d09a9,event/04beb116,CAUSES,causes,"The narrator’s eyes looking helplessly into his intensify the narrator’s internal feeling, directly heightening the sense of helplessness and danger.",+,0.9,0.9,100,104
event/3e5b1c03,event/30e7b4c2,CAUSES,causes,"The man’s comment about the boy’s fat cheeks implies he is overfed or pampered, which in the narrative context contributes to him being physically weak, hence ‘not strong.’",-,0.52,0.6,60,64
event/cdd12b92,event/35a54733,CAUSES,enables,Stopping is a prerequisite that allows the additional action of looking over his shoulder to occur in the described sequence.,0,0.62,0.69,76,77
event/ddf98077,event/df5a27b6,CAUSES,enables,"Being turned upside down likely emptied my pockets, making it so that only a piece of bread remained in them.",0,0.62,0.6,53,55
event/13c084be,event/d02011f6,CAUSES,causes,Holding tighter to the tombstone provides a physical focus and sense of control that helps him restrain or manage his urge to cry.,+,0.8,0.85,69,71
event/44060875,event/12ea4f34,CAUSES,enables,The existence of the gibbet made it possible for it to have once held a pirate.,0,0.78,0.86,175,177
event/aa39b6e8,event/0690c0bb,CAUSES,causes,The speaker’s reference to their mother prompts or shapes their earliest imaginative ideas about what ‘they’ (likely parents or adults) were like.,+,0.61,0.65,8,11
event/dff3750c,event/f2699605,CAUSES,enables,"The emotional jolt from the thought triggers reflective concern about others’ opinions, making the subsequent wondering possible.",+,0.65,0.71,181,184
event/d8cf9c97,event/4097d9c3,CAUSES,causes,"The act of hugging his shuddering body in both arms is described as clasping himself to hold himself together, presenting the clasping as the immediate consequence of the hug.",+,0.9,0.9,147,148
event/6985cfc3,event/129d572c,CAUSES,causes,"Being forcefully flipped head over heels disorients and frightens the narrator, leading them to end up trembling while seated on a high tombstone.",+,0.7,0.78,56,58
event/2e74e82a,event/13e437c2,CAUSES,causes,"Hearing the speaker’s words likely informs or motivates the young man to stealthily approach and attack, making the speech a causal trigger for his violent action.",+,0.79,0.78,130,134
event/f34f15d2,event/a4ef5b2f,CAUSES,causes,"Not seeing any signs of him makes the narrator infer danger or loss, which directly triggers renewed fear.",-,0.8,0.86,186,187
event/e4f6d61e,event/c44b846d,CAUSES,enables,"The description of an overwhelmingly red and black sky establishes low light and visual contrast, which makes it possible to faintly distinguish the only two black objects against the dim scene.",0,0.5,0.63,170,171
event/2af64edc,event/4213b5a1,CAUSES,enables,"The brambles around the green mounds create a tangled, uneven environment that makes it easier for someone to catch their foot and twist an ankle, leading to being pulled in.",-,0.62,0.69,152,155
event/68c1242a,event/96b4b311,CAUSES,enables,The shape and style of the letters on the father’s inscription determine or allow the recognizable character and turn of the added phrase about Georgiana.,+,0.74,0.7,13,15
event/d21030e4,event/fc97900b,CAUSES,causes,"Being dreadfully frightened makes the speaker physically or emotionally unstable, prompting the plea to be allowed to stand upright for security or composure.",+,0.73,0.78,113,116
event/fb5d8b17,event/afd9ead4,CAUSES,causes,"The man’s sudden movement from among the graves startles or prompts him to speak, leading directly to the terrible voice shouting “Hold your noise!”",+,0.86,0.9,37,38
event/82bd848c,event/9795a963,CAUSES,aggravates,"The speaker’s near-decision to act (“half a mind to’t”) prompts the narrator to urgently plead that he not do it, heightening the emotional intensity of the interaction.",-,0.47,0.66,67,68
event/8f56e35c,event/80d9815d,CAUSES,causes,"The belief religiously held leads the speaker to refrain from ‘taking them out’ in this life, implying the belief motivates postponing or avoiding that action.",-,0.7,0.78,20,22
event/bb0ab1a9,event/29ec39d5,CAUSES,causes,"Because the young man can uniquely reach a boy’s inner feelings and understanding, any attempt by the boy to conceal himself emotionally or psychologically becomes futile.",+,0.82,0.9,131,132
event/3b89f491,event/2e74e82a,CAUSES,causes,"The speaker’s assurance of not being alone is realized because the young man is present and listening, so his hearing the words is what makes the statement true.",+,0.79,0.78,128,130
event/6fb5cdfb,event/a05d1173,CAUSES,enables,"The chains contribute to his pirate-like appearance, making others imagine he is the pirate come to life and descended among them.",+,0.73,0.78,176,179
event/f2699605,event/a4ef5b2f,CAUSES,aggravates,"Reflecting on whether others shared the thought likely intensified the narrator’s anxiety, contributing to renewed fear.",+,0.62,0.63,184,187
event/33300d9f,event/563c1f45,CAUSES,causes,"The man’s harsh treatment and threatening actions provoke fear in the narrator, leading them to plead in terror.",-,0.86,0.86,42,46
event/563c1f45,event/d4b3ba3d,CAUSES,aggravates,"The speaker’s terrified pleading likely heightens the man’s interest or dominance, prompting him to demand a repetition and stare more intently.",-,0.6,0.61,46,47
event/d721ba2e,event/32bd6a82,CAUSES,causes,"The violent threat terrifies the listener, prompting a desperate physical reaction of clinging to the speaker for safety or pleading, driven by fear.",-,0.9,0.9,111,115
event/94b40161,event/8080975d,CAUSES,causes,The tremendous dip and roll is the physical action that produces the exaggerated perception that the church jumps over its weathercock.,+,0.89,0.95,119,120
event/9795a963,event/d02011f6,CAUSES,enables,Expressing the hope aloud serves as an emotional strategy that helps the speaker maintain composure and avoid crying.,+,0.77,0.83,68,71
event/c44b846d,event/27a8f32e,CAUSES,enables,"The narrator seeing two black things allows identification of one as the beacon used by sailors to steer, linking the visible object to its guiding role.",+,0.74,0.78,171,172
event/b8b9a5de,event/4213b5a1,CAUSES,enables,Their stretching up out of the graves is the action that makes it possible for them to grab his ankle and pull him in.,-,0.79,0.86,154,155
event/057be3e2,event/29ec39d5,CAUSES,causes,"The extraordinary abilities implied by the young man’s superiority make it futile for a boy to hide from him, leading to the conclusion that any attempt at hiding would fail.",+,0.79,0.83,129,132
event/46f1e07c,event/1c1eb444,CAUSES,enables,"Not seeing the father makes it impossible to see any likeness to him in others, thus enabling the lack of perceived resemblance.",0,0.73,0.83,7,9
event/d08d256e,event/cb11de79,CAUSES,enables,"His returning initiates or resumes the conversation, which leads him to ask the question about the listener’s father and mother.",0,0.6,0.64,81,83
event/9c9a24d0,event/3b89f491,CAUSES,enables,"The threat that he is not alone is used as a reason the listener must stay silent about having seen him, implying his claimed companionship supports enforcing their silence.",-,0.47,0.62,125,128
event/5ba94de8,event/d7ce68d3,CAUSES,enables,Coming to him early at the Battery provides the opportunity and setting for bringing him whatever broken bits of food are available.,+,0.63,0.67,139,140
event/a810a518,event/088dd70e,CAUSES,aggravates,"The speaker’s promise to get the file provokes the man to escalate pressure, demanding an oath and intensifying the interaction.",-,0.6,0.7,138,141
event/9102df6e,event/6985cfc3,CAUSES,enables,"Emptying his pockets likely prepares or lightens him for the tumbling motion described, enabling the head-over-heels movement without items falling out.",0,0.4,0.55,54,56
event/5b47294a,event/82bd848c,CAUSES,causes,"The man’s declaration that he could eat them, expressed with a threatening gesture, leads directly to his further claim that he is half inclined to do so, intensifying the same aggressive intent.",+,0.78,0.83,65,67
event/1c1eb444,event/3b82785c,CAUSES,enables,The absence of photographs in that earlier era explains why the speaker never saw any likeness of them; the temporal context enables the lack of visual records.,0,0.77,0.84,9,10
event/d4b3ba3d,event/d7f09b8b,CAUSES,causes,"The man’s repeated command and intense staring pressure the narrator, prompting the man to demand that the narrator reveal where he lives.",+,0.66,0.72,47,49
event/9d4826eb,event/a810a518,CAUSES,enables,"Keeping the young man from harming the speaker creates conditions where the speaker can safely promise to get him the file, making the offer possible or coherent in context.",0,0.61,0.64,135,138
event/44060875,event/b9be3e25,CAUSES,enables,"The presence of the gibbet provides a destination or reference point towards which the man moves, enabling his limping progression to be directed there.",+,0.46,0.52,175,178
event/04dfa728,event/32bd6a82,CAUSES,causes,"Feeling giddy leads to a loss of balance or stability, prompting the narrator to cling to him with both hands for support.",+,0.85,0.9,114,115
event/2b256bcd,event/02fe6274,CAUSES,causes,"The narrator’s observation of him carefully picking his way among the nettles leads the narrator to interpret his movements as stealthy, producing the impression that he is eluding the hands of the dead.",0,0.7,0.78,150,153
event/fd6e30e4,event/8f56e35c,CAUSES,enables,The subject’s early withdrawal from the struggle for a living likely created the reflective or dependent circumstances that allowed the narrator to adopt and sustain this particular belief.,0,0.52,0.62,19,20
event/13df1f4a,event/d7ce68d3,CAUSES,causes,His instruction to bring the lot to him at the Battery prompts the decision and action to go there early in the morning.,+,0.86,0.89,124,140
event/568f5a05,event/b51d09a9,CAUSES,causes,"Being physically grasped by both arms startles or emotionally overwhelms the narrator, prompting their eyes to look helplessly up into the other person’s eyes.",+,0.64,0.78,97,100
event/3b5d10c4,event/94b40161,CAUSES,causes,"Tilting the narrator further initiates the motion that produces the tremendous dip and roll, making the extreme movement a direct consequence of the increased tilt.",+,0.86,0.88,112,119
event/28349599,event/21fd5641,CAUSES,causes,"The timid explanation, pointing out Georgiana and stating she is the speaker’s mother, prompts the listener’s exclamation and return of attention or physical movement toward the speaker.",+,0.74,0.83,78,82
event/ff53969a,event/f03e3517,CAUSES,causes,"Because the speaker as an infant could only pronounce the shortened form 'Pip', this pronunciation led others to adopt and use that name for him.",+,0.96,0.97,0,2
event/3502a40c,event/f2699605,CAUSES,causes,"Seeing the cattle look after him prompts the narrator to imagine the cattle share a similar thought, leading directly to the narrator’s wondering.",+,0.72,0.81,182,184
event/bf49e657,event/943d6f9d,CAUSES,enables,His brief exclamation and moment of consideration precede and allow him to formulate and ask the threatening question.,+,0.63,0.78,86,88
event/9102df6e,event/9e14d91a,CAUSES,enables,Emptying pockets likely produced money or food that allowed him to obtain the bread he then ate ravenously.,+,0.55,0.55,54,59
event/1c1eb444,event/0690c0bb,CAUSES,prevents,"Never seeing any likeness of them deprived the narrator of visual information, hindering the formation of accurate first fancies about what they were like.",-,0.73,0.79,9,11
event/e250f02e,event/2119561a,CAUSES,enables,"His repeated dark looks at his leg and the narrator build suspicion or resolve, prompting and enabling him to approach the tombstone.",0,0.62,0.71,95,96
event/28f8e8b5,event/8f56e35c,CAUSES,causes,"Deriving a naive inference about the mother’s appearance leads the narrator to form and hold a lasting, quasi-religious belief based on that conclusion.",+,0.7,0.76,16,20
event/ee808686,event/302d0834,CAUSES,causes,"The question about his mother prompts an emotional or startled reaction, making him physically start in response.",-,0.64,0.78,73,74
event/82bd848c,event/d02011f6,CAUSES,causes,The speaker’s exclamation and half-formed resolve act as a distraction or emotional outlet that helps them avoid breaking into tears.,+,0.64,0.7,67,71
event/4213b5a1,event/09c38e9b,CAUSES,causes,"The twist on his ankle and being pulled in make him lose balance or change direction, leading to the observer seeing him turning.",-,0.64,0.71,155,159
event/cb11de79,event/eb8e1bf4,CAUSES,causes,"The direct question about the parents prompts the character to think and respond, leading him to mutter while considering the question.",+,0.7,0.79,83,87
event/33300d9f,event/1fbc8df7,CAUSES,causes,"Physical abuse by environment (water, mud, stones, flints, nettles, briars) inflicts pain, injury, and cold, leading to limping, shivering, glaring, growling, and chattering teeth.",-,0.96,0.97,42,43
event/ad5b6c6b,event/d8cf9c97,CAUSES,causes,"His exclamation marks an intense emotional reaction that leads him to physically hug and clasp himself, as if to keep himself together under distress.",+,0.64,0.71,144,147
event/eb8e1bf4,event/dd382b9e,CAUSES,enables,"His moment of muttered consideration leads him to decide what to say next, enabling the subsequent clear statement about his sister’s identity.",+,0.56,0.68,87,90
event/44060875,event/6fb5cdfb,CAUSES,enables,"The existence of a gibbet provides the structure from which chains can be hung, allowing the chains to be present on it.",+,0.7,0.77,175,176
event/3b82785c,event/0690c0bb,CAUSES,enables,"Because their lives predated photography, there were no images, so the narrator had to rely on imagination, enabling early fancies about what they were like.",0,0.86,0.9,10,11
event/01b3f289,event/924bad1e,CAUSES,enables,Tilting the speaker back orients their face and line of sight so that the other person can more directly and intensely look down into their eyes.,+,0.8,0.82,98,99
event/f41528d9,event/6985cfc3,CAUSES,causes,"The man’s observation of the speaker leads him to flip the object (likely a carriage or vehicle), resulting in the speaker seeing the steeple under their feet.",-,0.78,0.79,52,56
event/5ee56164,event/28f8e8b5,CAUSES,causes,"The odd mental image of him as square, stout, and dark prompts the narrator to infer, by contrast or imagination, that his mother must be freckled and sickly.",-,0.64,0.78,14,16
event/3b89f491,event/057be3e2,CAUSES,enables,"The speaker’s denial of being alone leads directly to the revelation that a young man is hidden with him, enabling the introduction of this second character.",+,0.82,0.83,128,129
event/bd898780,event/9c9a24d0,CAUSES,prevents,Physical restraint and intimidation discourage the listener from speaking or signaling about having seen him.,-,0.71,0.73,121,125
event/d4b3ba3d,event/262fb8de,CAUSES,enables,The man’s request for repetition prompts or permits the narrator to respond by pointing out the village’s location.,+,0.6,0.71,47,50
event/dd382b9e,event/e6bdb737,CAUSES,enables,"Stating that his sister is Mrs. Joe Gargery establishes that she is the wife of Joe Gargery, the blacksmith, enabling the shorter appositive identification.",+,0.56,0.7,90,92
event/13df1f4a,event/13ae11ec,CAUSES,enables,Agreeing to bring the lot to the speaker is a conditional requirement that grants permission to live; fulfilling the request enables the outcome of being allowed to live.,+,0.88,0.86,124,126
event/04dfa728,event/fc97900b,CAUSES,causes,"Being giddy makes it hard to stand steadily, prompting the request to be allowed to keep upright.",-,0.73,0.76,114,116
event/ee808686,event/28349599,CAUSES,causes,"The question about the mother directly prompts the speaker to point her out and verbally identify her, producing the response as an answer.",+,0.9,0.97,73,78
event/053465f5,event/09c38e9b,CAUSES,enables,"Recovering from his numb, stiff condition allows him to begin moving again, which is when the narrator sees him turning.",+,0.54,0.62,157,159
event/fc97900b,event/3813cb18,CAUSES,prevents,Staying upright is implied to help avoid motion sickness; the speaker suggests that being allowed to keep upright would prevent them from becoming sick.,-,0.82,0.88,116,117
event/3b89f491,event/29ec39d5,CAUSES,enables,"The statement implies the speaker is aware of the boy’s presence, making it futile for the boy to hide from him.",-,0.7,0.77,128,132
event/302d0834,event/279aad17,CAUSES,enables,Starting is the initiating action that allows him to begin and execute the short run.,+,0.76,0.78,74,75
event/e30331fb,event/28f8e8b5,CAUSES,causes,"The unreasonable inference from tombstones leads the narrator to form a mistaken, childish belief about the mother’s appearance and health.",+,0.78,0.9,12,16
event/33300d9f,event/683d217a,CAUSES,enables,"The man’s prior ordeal leaves him in an agitated, desperate state, which motivates and enables his rough physical action of seizing the narrator by the chin.",-,0.78,0.78,42,44
event/d4b3ba3d,event/e795d099,CAUSES,enables,"The repeated command 'Once more' prompts or encourages the continuation and intensification of speech, leading to the further exhortation 'Give it mouth!'",+,0.6,0.73,47,48
event/fac558c4,event/8839c168,CAUSES,causes,"The simile describes the body as a distorted cask shape, which makes its physical appearance ugly at close range.",-,0.72,0.78,173,174
event/c2cd321c,event/683d217a,CAUSES,enables,The description of the man’s appearance sets up and identifies the character who then performs the action of seizing the narrator by the chin.,0,0.37,0.65,41,44
event/8f56e35c,event/c3695a25,CAUSES,causes,"The speaker’s firmly held belief directly consists in the content that they were all born lazy or idle, figuratively ‘on their backs with hands in pockets.’ The cause is the belief held; the effect is its specific propositional content.",-,0.8,0.82,20,21
event/32bd6a82,event/fc97900b,CAUSES,causes,"Clinging to him with both hands pulls or destabilizes him, prompting the polite request to let her stay upright.",+,0.78,0.8,115,116
event/33300d9f,event/74e4ec3b,CAUSES,causes,"The man’s rough, violent handling and threatening behavior, implied by the physical harms he inflicted, leads the narrator to fear for his life and beg him not to cut his throat.",-,0.79,0.83,42,45
event/f2699605,event/8d93d9a6,CAUSES,causes,"Wondering about others’ opinions triggers concern and curiosity, motivating the narrator to search visually for the young man to confirm or disconfirm those thoughts.",+,0.71,0.78,184,185
event/c2cd321c,event/74e4ec3b,CAUSES,aggravates,"The man’s threatening, disheveled appearance and approach intensify the narrator’s fear, leading him to beg not to have his throat cut.",+,0.71,0.81,41,45
event/e76ab6c2,event/10e4fcca,CAUSES,enables,The speaker proposes an exchange: obtaining a file is the condition under which the other party will provide food (‘wittles’). Thus the cause event enables the effect as part of a reciprocal bargain.,+,0.73,0.79,105,107
event/68c1242a,event/5ee56164,CAUSES,causes,"The narrator infers the father’s physical appearance from the distinctive shapes of his handwritten letters, treating handwriting style as evidence for bodily traits.",0,0.82,0.86,13,14
event/094860c9,event/78bb8d18,CAUSES,enables,"The fearful speech is part of a threat that sets up and permits the demand for the file and food, prompting the instruction about what must be brought tomorrow.",+,0.71,0.76,122,123
event/3d8b7b26,event/2e74e82a,CAUSES,prevents,"The threat of having his organs torn out and eaten is meant to coerce obedience and attention, discouraging the young man from ignoring or disobeying the speaker.",-,0.76,0.78,127,130
event/f996f4a5,event/80d9815d,CAUSES,causes,"Reverence for the deceased brothers’ memory motivates the speaker’s decision never to take the items out in this state of existence, treating them as sacred relics.",+,0.78,0.86,18,22
event/eb8e1bf4,event/06fd1a82,CAUSES,enables,"His muttering while thinking precedes and allows him to formulate and begin the spoken introduction about his sister, enabling the utterance.",0,0.56,0.69,87,91
event/198a770a,event/eb8e1bf4,CAUSES,causes,"The statement about the man being late of the parish prompts the listener to reflect on it, leading him to mutter while thinking it over.",0,0.62,0.72,85,87
event/279aad17,event/d64d97ac,CAUSES,enables,"Making a short run positions or prepares the speaker to then timidly explain something, enabling the subsequent verbal action without directly causing its content.",0,0.23,0.35,75,79
event/2e74e82a,event/29ec39d5,CAUSES,causes,"By hearing the speaker’s warning or description, the young man gains knowledge that makes it futile for the boy to try to hide from him.",+,0.76,0.78,130,132
event/edf23f7b,event/6985cfc3,CAUSES,causes,"The location being flat and distant on the in-shore allows the perspective in which the steeple appears inverted, leading him to make it seem to go head over heels before him.",0,0.56,0.63,51,56
event/dd382b9e,event/3d2209f9,CAUSES,causes,"Pip’s mention that Joe Gargery is a blacksmith directly prompts the stranger’s responsive remark, “Blacksmith, eh?” acknowledging and reacting to that information.",+,0.88,0.93,90,93
event/fe35090c,event/dff3750c,CAUSES,aggravates,"Thinking about him going back to hook himself up again intensifies the narrator’s emotional reaction, making the shock or distress worse.",-,0.61,0.64,180,181
event/5d6c7529,event/35261591,CAUSES,enables,"The deaths of these relatives leave Pip isolated and vulnerable, shaping the fearful circumstances in which he appears as the crying child.",-,0.55,0.7,30,35
event/683d217a,event/74e4ec3b,CAUSES,causes,"The physical act of seizing the narrator by the chin is perceived as a threat, prompting terror and a plea not to have his throat cut.",-,0.86,0.93,44,45
event/09c38e9b,event/85bca813,CAUSES,causes,"Seeing him begin to turn likely signals danger or pursuit, prompting the narrator to run as fast as possible.",+,0.79,0.86,159,161
event/13df1f4a,event/3d8b7b26,CAUSES,prevents,"The threat that the listener’s organs will be torn out, roasted, and eaten is used as coercion to ensure they bring the lot to the speaker, serving as a deterrent to noncompliance.",-,0.82,0.78,124,127
event/914df750,event/302d0834,CAUSES,causes,"The man’s exclamation likely prompts or triggers the reaction of starting, implying surprise or sudden movement in response to being addressed sharply.",+,0.76,0.82,72,74
event/0690c0bb,event/e30331fb,CAUSES,causes,Forming first fancies about what they were like leads the person to derive those ideas from the only available information: the tombstones.,+,0.75,0.82,11,12
event/563c1f45,event/262fb8de,CAUSES,enables,"Pleading in terror motivates or prompts the speaker to indicate the village’s location, enabling the act of pointing and explanation.",+,0.56,0.62,46,50
event/01b3f289,event/01205b39,CAUSES,enables,"Tilting the narrator back physically restrains and intimidates them, enabling the interrogator to threaten and question whether they should be allowed to live.",-,0.73,0.78,98,101
event/ee808686,event/35a54733,CAUSES,causes,"The question prompts a reaction, leading the person to halt and glance back, likely in search of or concern for the mother.",0,0.76,0.76,73,77
event/dbb7feb8,event/d9c41ae0,CAUSES,causes,"Gaining a vivid broad impression of the identity of things reflects developing perception, which directly leads to correctly recognizing and confirming the nature of the bleak nettle-overgrown place as the churchyard.",+,0.71,0.75,25,27
event/b7880c6e,event/d21030e4,CAUSES,causes,"The act of tilting the speaker again likely creates physical instability or threat, directly provoking intense fear.",+,0.77,0.76,110,113
event/35a54733,event/d08d256e,CAUSES,causes,"Stopping and looking over his shoulder makes him notice something or reconsider, prompting his exclamation and his decision to come back.",+,0.66,0.72,77,81
event/fc97900b,event/94b40161,CAUSES,aggravates,"The request to be kept upright precedes and seemingly provokes the opposite, rougher treatment, intensifying the severity of the dip and roll inflicted.",-,0.64,0.7,116,119
event/2b256bcd,event/b8b9a5de,CAUSES,causes,"His movement among the nettles is depicted as prompting the nettles to reach for his ankle, metaphorically causing their attempt to pull him in.",-,0.66,0.7,150,154
event/2119561a,event/b51d09a9,CAUSES,causes,"His coming closer physically enables and prompts the narrator’s eyes to meet and look helplessly up into his, producing the described reaction.",+,0.74,0.8,96,100
event/cc3c5b2c,event/b7880c6e,CAUSES,enables,"The instruction to bring them both to the speaker prompts or licenses the physical action of tilting the speaker again, likely as part of ongoing handling or positioning.",0,0.42,0.6,109,110
event/ddf98077,event/9102df6e,CAUSES,causes,"Being turned upside down makes gravity pull items down and out of pockets, leading to them being emptied.",+,0.96,0.96,53,54
event/088dd70e,event/8d0c313b,CAUSES,prevents,"The man’s demand and oath attempt to coerce compliance, but the other’s dismissive response (“Much of that!”) rejects the threat, thereby preventing the intended psychological impact or obedience.",-,0.76,0.76,141,143
event/5b47294a,event/9795a963,CAUSES,causes,The man's stated desire to eat them and his threatening gesture prompt the narrator to respond by expressing hope that he will not do so.,-,0.8,0.86,65,68
event/d721ba2e,event/3b5d10c4,CAUSES,aggravates,"The violent threat escalates intimidation and compels compliance, prompting him to physically tilt the speaker again as part of exerting control.",-,0.63,0.69,111,112
event/388d9c2b,event/30e7b4c2,CAUSES,causes,"The speaker implies a belief that being fat leads to lacking physical strength, treating fatness as the reason they were not strong.",-,0.7,0.76,62,64
event/df5a27b6,event/129d572c,CAUSES,aggravates,"Having only a piece of bread suggests deprivation and hardship, which likely worsen the narrator’s fear and physical weakness, contributing to their trembling while seated on the tombstone.",-,0.5,0.55,55,58
event/302d0834,event/35a54733,CAUSES,causes,"Beginning to move or act prompts him to then stop and look over his shoulder, as the initial action creates the context for the subsequent hesitation and checking behind.",0,0.71,0.78,74,77
event/9102df6e,event/e9d42c78,CAUSES,enables,"Emptying pockets likely complied with instructions or removed burdens, enabling the person to be allowed or able to sit on the high tombstone.",+,0.45,0.53,54,57
event/95c8b023,event/d9c41ae0,CAUSES,enables,"The specific conditions of the raw, memorable afternoon position the narrator in time and place, enabling the subsequent realization that the bleak, nettle-overgrown spot is the churchyard.",0,0.42,0.66,26,27
event/e250f02e,event/924bad1e,CAUSES,causes,His repeated dark looks at his leg and at the narrator build tension and lead into the culminating act of fixing his gaze powerfully into the narrator’s eyes.,+,0.68,0.8,95,99
event/3d2209f9,event/e250f02e,CAUSES,causes,"The comment about being a blacksmith triggers the man’s suspicion or contemplation, leading him to repeatedly glance darkly at his leg and at the speaker.",-,0.6,0.65,93,95
event/3d2209f9,event/2119561a,CAUSES,enables,"Addressing him as a blacksmith initiates conversation and interest, prompting the man to move closer to inspect the speaker’s tombstone.",+,0.61,0.64,93,96
